Workbook

Sheet BCA-2023-2026
A1: S.No. | B1: Roll No. | C1: Reg. No | D1: Name | E1: Father's Name | F1: Mobile No. | G1: Email ID | H1: Section | I1: Group Specialization | J1: Course Changed | K1: Group | L1: Specialization | M1: 1st Sem. | N1: 2nd Sem. | O1: 3rd Sem. | P1: 4th Sem. | Q1: 5th Sem. | R1: 6th Sem. | S1: Average
A2: 1 | B2: 1323001 | C2: 23-MCM- | S2: =AVERAGE(M2:P2) -> #DIV/0!
A3: 2 | B3: 1323002 | C3: 23-MCM-001 | D3: SHELLY KAMBOJ | E3: SUNIL KAMBOJ | F3: 6398068307 | G3: Kambojshelly674@gmail.com | H3: A | J3: BCA (Data Science) | L3: BCA | M3: 6.2 | N3: RE [CUL-001] | O3: RE [BCA -308] | P3: RE [BCA - 402] | S3: =AVERAGE(M3:P3) -> 6.2
A4: 3 | B4: 1323003 | C4: 23-MCM- | L4: BCA | S4: =AVERAGE(M4:P4) -> #DIV/0!
A5: 4 | B5: 1323004 | C5: 23-MCM-002 | D5: SHASHWAT | E5: NARESH KUMAR | F5: 7015333235 | G5: gambhirshavi@gmail.con | H5: A | J5: BCA | L5: BCA | M5: 6.61 | N5: 6.23 | O5: RE [BCA -308] | P5: 6.39 | S5: =AVERAGE(M5:P5) -> 6.41
A6: 5 | B6: 1323005 | C6: 23-MCM-003 | D6: HARLEEN KAUR | E6: DAVINDER SINGH | M6: 8.77 | N6: RE [BCA-201, BCA-202, BCA-203, BHUM-013, ENE-101] | S6: =AVERAGE(M6:P6) -> 8.77
A7: 6 | B7: 1323006 | C7: 23-MCM-004 | D7: JASHANDEEP KAUR | E7: SURINDER SINGH | F7: 7027082784 | G7: Jasssandhu9402@gmail.com | H7: A | J7: BCA (Data Science) | L7: BCA | M7: 8.05 | N7: 8.45 | O7: 8.36 | P7: 7.32 | S7: =AVERAGE(M7:P7) -> 8.045
A8: 7 | B8: 1323007 | C8: 23-MCM-005 | D8: JATIN PANCHAL | E8: PARDEEP KUMAR | F8: 7027435871 | G8: jatinpanchal01235@gmail.com | H8: A | J8: BCA | L8: BCA | M8: 7.45 | N8: 8.18 | O8: 7.95 | P8: 7.55 | S8: =AVERAGE(M8:P8) -> 7.7825
A9: 8 | B9: 1323008 | C9: 23-MCM-006 | D9: PARAVDEEP KAUR | E9: SUKHWINDER SINGH | F9: 7027684989 | G9: kaurparavdeep01@gmail.com | H9: A | J9: BCA (Data Science) | L9: AI | M9: RE [BCA -102] | N9: RE [BCA-201, BCA-202, BCA-203] | O9: RE [BCA- 306,BCA -308] | P9: 6.66 | S9: =AVERAGE(M9:P9) -> 6.66
A10: 9 | B10: 1323009 | C10: 23-MCM-007 | D10: RAM | E10: ASHOK JHA | F10: 7027743511 | G10: jairam4247@gmail.com | H10: A | J10: BCA | L10: BCA | M10: 6.55 | N10: 6.84 | O10: 7.59 | P10: 6.25 | S10: =AVERAGE(M10:P10) -> 6.8075
A11: 10 | B11: 1323010 | C11: 23-MCM-008 | D11: PANKAJ BAGAULI | E11: NAVEEN CHANDRA BAGAULI | F11: 7055570167 | G11: pankajbagauli03@gmail.com | H11: A | J11: BCA (Data Science) | L11: BCA | M11: 7.91 | N11: 8.55 | O11: 7.91 | P11: 7.41 | S11: =AVERAGE(M11:P11) -> 7.945
A12: 11 | B12: 1323011 | C12: 23-MCM-009 | D12: LAKSHAY | E12: AJAY KUMAR | F12: 7056088460 | G12: lakshayjuneja003@gmail.com | H12: A | J12: BCA (AI & ML) | L12: DS | M12: 7.73 | N12: 8.59 | O12: 8.09 | P12: 7.11 | S12: =AVERAGE(M12:P12) -> 7.88
A13: 12 | B13: 1323012 | C13: 23-MCM-010 | D13: MEENAKSHI | E13: KRISHAN | F13: 7056369950 | G13: meenakshidhiman335@gmail.com | H13: A | J13: BCA | L13: BCA | M13: 8.68 | N13: 9.23 | O13: 9.5 | P13: 8.95 | S13: =AVERAGE(M13:P13) -> 9.09
A14: 13 | B14: 1323013 | C14: 23-MCM-011 | D14: SANDEEP KUMAR SAINI | E14: PURAN CHAND | M14: RLS | N14: RE [BCA-201, BCA-202, BCA-203, BHUM-013, ENE-101, BCA-204, BCA-205] | O14: 8.73 | S14: =AVERAGE(M14:P14) -> 8.73
A15: 14 | B15: 1323014 | C15: 23-MCM-012 | D15: VANSH MAINI | E15: RAJESH KUMAR | M15: RL(REGN.) | S15: =AVERAGE(M15:P15) -> #DIV/0!
A16: 15 | B16: 1323015 | C16: 23-MCM-013 | D16: DIVYANSHI | E16: SUNIL DUTT SHARMA | F16: 7206610722 | G16: ak2368307@gmail.com | H16: A | J16: BCA | L16: BCA | M16: 7.91 | N16: 8.41 | P16: 8.14 | S16: =AVERAGE(M16:P16) -> 8.1533333
A17: 16 | B17: 1323016 | C17: 23-MCM-014 | D17: KUNAL TALWAR | E17: VARINDER KUMAR | F17: 7206639042 | G17: kunaltalwar387@gmail.com | H17: A | L17: BCA | M17: 6.77 | N17: 6.95 | O17: RE [BCA- 306,BCA -308] | P17: RE [BCA -403] | S17: =AVERAGE(M17:P17) -> 6.86
A18: 17 | B18: 1323017 | C18: 23-MCM-015 | D18: ARPIT | E18: PAWAN KUMAR | F18: 8307255025 | G18: arpitbains83072@gmail.com | H18: A | J18: BCA | L18: BCA | M18: 6.07 | N18: RE [BCA-201] | O18: RE [BCA -308] | P18: RE [BCA - 401,BCA - 402] | S18: =AVERAGE(M18:P18) -> 6.07
A19: 18 | B19: 1323018 | C19: 23-MCM-016 | D19: VANSHAM DUTTA | E19: ASHWANI DUTTA | F19: 7393900039 | G19: vanshamdutta@gmail.com | H19: A | J19: BCA | L19: BCA | M19: 6.75 | N19: 6.82 | O19: RE [BCA -308] | P19: RE [BCA -403,BHUM-022] | S19: =AVERAGE(M19:P19) -> 6.785
A20: 19 | B20: 1323019 | C20: 23-MCM-017 | D20: JANVI | E20: RAJEEV SHANKAR | F20: 7404285548 | G20: janvipandey8950@gmail.com | H20: A | J20: BCA | L20: BCA | M20: 8.5 | N20: 9 | O20: 9.05 | P20: 8.82 | S20: =AVERAGE(M20:P20) -> 8.8425
A21: 20 | B21: 1323020 | C21: 23-MCM-018 | D21: HIMANSHU | E21: BALINDER SINGH | M21: RL(REGN.) | S21: =AVERAGE(M21:P21) -> #DIV/0!
A22: 21 | B22: 1323021 | C22: 23-MCM-019 | D22: NIKHIL | E22: PARMOD KUMAR | H22: A | L22: BCA | M22: BCA-101, BCA-102, BCA-103, BCA-104, BHUM-011, HSMC-051, BCA-105, BCA-106 | N22: RE [BCA-201, BCA-202, BCA-203, BHUM-013, ENE-101, BCA-204, BCA-205, BCA-206] | S22: =AVERAGE(M22:P22) -> #DIV/0!
A23: 22 | B23: 1323022 | C23: 23-MCM-020 | D23: VANSH | E23: PARDEEP | F23: 7404743742 | G23: Nainvansh748@email.com | H23: A | L23: BCA | M23: 6.91 | N23: RE [BCA-205, BCA-204, BCA-201, BCA-202, BCA-203, BCA-206] | O23: RE [BCA -308] | P23: RE [MAN-001] | S23: =AVERAGE(M23:P23) -> 6.91
A24: 23 | B24: 1323023 | C24: 23-MCM-021 | D24: JAYA SHARMA | E24: PARDEEP SHARMA | F24: 7419206501 | G24: Jiyasharma200220@gmail.com | H24: A | J24: BCA (AI & ML) | L24: BCA | M24: 8.18 | N24: 7.95 | O24: RE [BCA -308] | P24: 7.95 | S24: =AVERAGE(M24:P24) -> 8.0266667
A25: 24 | B25: 1323024 | C25: 23-MCM-000 | S25: =AVERAGE(M25:P25) -> #DIV/0!
A26: 25 | B26: 1323025 | C26: 23-MCM-022 | D26: CHAKSHIT LUTHRA | E26: SANJEEV KUMAR | F26: 7496018760 | G26: Chakshitluthra78@gmail.com | H26: A | J26: BCA | L26: BCA | M26: 6.82 | N26: 6.61 | O26: RE [BCA- 307,BCA -308] | P26: RE [BCA - 401,BCA - 402,BCA -403,BCA - 404,BHUM-022,MAN-001] | S26: =AVERAGE(M26:P26) -> 6.715
A27: 26 | B27: 1323026 | C27: 23-MCM-023 | D27: AMBER SHARMA | E27: ASHWANI KUMAR | F27: 7500139374 | G27: ambersharma681@gmail.com | H27: A | J27: BCA | L27: BCA | M27: 7.23 | N27: 7.55 | O27: 8.23 | P27: 6.68 | S27: =AVERAGE(M27:P27) -> 7.4225
A28: 27 | B28: 1323027 | C28: 23-MCM-024 | D28: SAHIL | E28: RAVINDER | F28: 9817026844 | G28: Sr0473403@gmail.com | H28: A | J28: BCA (Data Science) | L28: BCA | M28: 7.27 | N28: RLA | O28: RE [BCA -308] | P28: RLS | S28: =AVERAGE(M28:P28) -> 7.27
A29: 28 | B29: 1323028 | C29: 23-MCM-025 | D29: SHUBHAM BAKSHI | E29: DHARMINDER BAKSHI | F29: 7876863816 | G29: Shubhambakshi2005@gmail.com | H29: A | J29: BCA | L29: BCA | M29: 6.75 | N29: RE [BCA-201, BCA-206] | O29: RE [BCA -308] | P29: 5.8 | S29: =AVERAGE(M29:P29) -> 6.275
A30: 29 | B30: 1323029 | C30: 23-MCM-026 | D30: HARSHDIP SINGH | E30: RAMESH SINGH | F30: 7973957117 | G30: harshpardhan1717@gmail.com | H30: A | L30: BCA | M30: BCA-102, BCA-104, HSMC-051 | N30: RE [BCA-201, BCA-202, BCA-203] | O30: RE [BCA- 302,BCA-304,BCA- 305,BCA- 306,BCA- 307,BCA -308] | P30: RE [BCA - 401,BCA -403,BCA - 404,BCA - 405,BCA - 406,BHUM-022,BCIV-180] | S30: =AVERAGE(M30:P30) -> #DIV/0!
A31: 30 | B31: 1323030 | C31: 23-MCM-027 | D31: AKHIL KUMAR | E31: MANGAT RAM | F31: 7988539214 | G31: akhilkashyap964@gmail.com | H31: A | J31: BCA | L31: BCA | M31: RE [BCA -104] | N31: RE [BCA-201, BCA-203, BCA-206] | O31: RE [BCA -308] | P31: 7.59 | S31: =AVERAGE(M31:P31) -> 7.59
A32: 31 | B32: 1323031 | C32: 23-MCM-028 | D32: SAKSHI MEHTA | E32: SANDEEP MEHTA | F32: 7988585307 | G32: sakshimehta.010191@gmail.com | H32: A | J32: BCA | L32: BCA | M32: 9.36 | N32: 8.91 | O32: 8.95 | P32: 9.32 | S32: =AVERAGE(M32:P32) -> 9.135
A33: 32 | B33: 1323032 | C33: 23-MCM-029 | D33: MANPREET KAUR | E33: BHULLA SINGH | F33: 8053095927 | G33: manpreet85345@yahoo.com | H33: A | J33: BCA | L33: AI | M33: 7.32 | N33: RE [BCA-201, BCA-202, BCA-203] | O33: 8.36 | P33: ABSENT | S33: =AVERAGE(M33:P33) -> 7.84
A34: 33 | B34: 1323033 | C34: 23-MCM-030 | D34: VEERPARTAP SINGH | E34: SORABH KUMAR | F34: 8053211500 | G34: vpsinghmarwa@gmail.com | H34: A | J34: BCA | L34: BCA | M34: 7.32 | N34: RE [BCA-201, BCA-202, BCA-203, BHUM-013, ENE-101, BCA-204, BCA-205] | O34: RE [BCA -308] | P34: RE [MAN-001] | S34: =AVERAGE(M34:P34) -> 7.32
A35: 34 | B35: 1323034 | C35: 23-MCM-031 | D35: DIVYA SHARMA | E35: MOHINDER PAL | F35: 8053841041 | G35: divyaasharma2006@gmail.com | H35: A | J35: BCA (Data Science) | L35: BCA | M35: 8.55 | N35: 8.41 | O35: 8.27 | P35: 8.95 | S35: =AVERAGE(M35:P35) -> 8.545
A36: 35 | B36: 1323035 | C36: 23-MCM-032 | L36: BCA | S36: =AVERAGE(M36:P36) -> #DIV/0!
A37: 36 | B37: 1323036 | C37: 23-MCM-033 | D37: RASHI SHARMA | E37: RAVINDER SHARMA | F37: 8168091086 | G37: Rasshisharma200@gmail.com | H37: A | J37: BCA | L37: BCA | M37: 7.64 | N37: 7.93 | O37: 8.09 | P37: 8 | S37: =AVERAGE(M37:P37) -> 7.915
A38: 37 | B38: 1323037 | C38: 23-MCM-034 | D38: PALAKPREET KAUR | E38: GURJIT SINGH | F38: 8168105044 | G38: multanipalak01@gmail.com | H38: A | J38: BCA | L38: AI | M38: BCA-101, BCA-102, BCA-103, BCA-104, BCA-105, BCA-106 | N38: RLA | O38: RE [BCA- 306,BCA- 307,BCA -308] | P38: 7.36 | S38: =AVERAGE(M38:P38) -> 7.36
A39: 38 | B39: 1323038 | C39: 23-MCM-035 | D39: MOHIT | E39: RAKESH KUMAR | F39: 8168199269 | G39: aggarwalmohit171@gmail.com | H39: A | J39: BCA (AI & ML) | L39: BCA | M39: 6.09 | N39: 6.09 | O39: RE [BCA- 307,BCA -308] | P39: 6.3 | S39: =AVERAGE(M39:P39) -> 6.16
A40: 39 | B40: 1323039 | C40: 23-MCM-036 | D40: CHAVI DHIMAN | E40: SANJEEV KUMAR | F40: 8168760188 | G40: chavidhiman065@gmail.com | H40: A | J40: BCA | L40: BCA | M40: 7.45 | N40: 7.25 | O40: 7.64 | P40: 8.23 | S40: =AVERAGE(M40:P40) -> 7.6425
A41: 40 | B41: 1323040 | C41: 23-MCM-037 | D41: BALKAR SINGH | E41: RAMESH KUMAR | F41: 8221013127 | G41: Balkargurjar5@gmail.com | H41: A | J41: BCA | L41: BCA | M41: BCA -104 | N41: RE [BCA-201, BCA-202, BCA-203, BCA-204, BCA-205, BCA-206] | O41: RE [BCA- 302,BCA- 303,BCA- 305,BCA- 306,BCA- 307,BCA -308] | P41: RLS | S41: =AVERAGE(M41:P41) -> #DIV/0!
A42: 41 | B42: 1323041 | C42: 23-MCM-038 | D42: LAVISH KUMAR | E42: SIRI OM | F42: 8222051432 | G42: lavishangrish24@gmail.com | H42: A | J42: BCA | M42: 6.91 | N42: 6.43 | O42: RE [BCA -308] | P42: 6.27 | S42: =AVERAGE(M42:P42) -> 6.5366667
A43: 42 | B43: 1323042 | C43: 23-MCM-000 | S43: =AVERAGE(M43:P43) -> #DIV/0!
A44: 43 | B44: 1323043 | C44: 23-MCM-039 | D44: ANKIT | E44: MANPAL SINGH | F44: 9812841396 | G44: gillankit716@gmail.com | H44: A | J44: BCA | L44: BCA | M44: BCA-101, BCA-102, BCA-103, BCA-104, BHUM-011, HSMC-051, BCA-105, BCA-106 | N44: RLA | O44: RE [BCA- 306,BCA- 307,BCA -308] | P44: 6.64 | S44: =AVERAGE(M44:P44) -> 6.64
A45: 44 | B45: 1323044 | C45: 23-MCM-040 | D45: SHIMALI | E45: SAKOOR MOHD | F45: 8278476658 | G45: shimali2062dav@gmail.com | H45: A | J45: BCA | L45: BCA | M45: 8.55 | N45: 9.18 | O45: 9.41 | P45: 9.73 | S45: =AVERAGE(M45:P45) -> 9.2175
A46: 45 | B46: 1323045 | C46: 23-MCM-041 | D46: DEVANSHU | E46: RAJESH KUMAR | F46: 8295988004 | G46: dhimandevanshu36@gmail.com | H46: A | J46: BCA | L46: BCA | M46: 7.91 | N46: 7.73 | O46: RE [BCA- 307,BCA -308] | P46: 7.05 | S46: =AVERAGE(M46:P46) -> 7.5633333
A47: 46 | B47: 1323046 | C47: 23-MCM-042 | D47: SHIVANSH PRASHAR | E47: PANKAJ | F47: 8307702591 | G47: Shivanshprashar048@gmail.com | H47: A | J47: BCA | L47: BCA | M47: 5.95 | N47: 6.02 | O47: RE [BCA- 303,BCA -308] | P47: 5.91 | S47: =AVERAGE(M47:P47) -> 5.96
A48: 47 | B48: 1323047 | C48: 23-MCM-043 | D48: ADITYA | E48: AMARJEET SINGH | F48: 9671496807 | G48: adijattian020@gmail.com | H48: A | L48: BCA | M48: RL(REGN.) | N48: RL(REGN.) | O48: RL(REGN.) | P48: ABSENT | S48: =AVERAGE(M48:P48) -> #DIV/0!
A49: 48 | B49: 1323048 | C49: 23-MCM-044 | D49: PARDUMAN | E49: RAM NARESH GUPTA | F49: 8307521665 | G49: Pradumang965@gamil.com | H49: A | J49: BCA | L49: BCA | M49: RE [BCA -104] | N49: RE [BCA-201, BCA-203, ENE-101] | O49: RLS | P49: RE [BCA -403,MAN-001] | S49: =AVERAGE(M49:P49) -> #DIV/0!
A50: 49 | B50: 1323049 | C50: 23-MCM-045 | D50: NONIT | E50: SITA RAM | F50: 8307542422 | G50: nonupandit033@gmail.com | H50: A | J50: BCA | L50: BCA | M50: 7.09 | N50: RE [BCA-201, BCA-206] | O50: RE [BCA -308] | P50: 7.07 | S50: =AVERAGE(M50:P50) -> 7.08
A51: 50 | B51: 1323050 | C51: 23-MCM-046 | D51: SANDEEP | E51: SOHAN LAL | F51: 8307603051 | G51: bagadsarkar5@gmail.com | H51: A | J51: BCA | L51: BCA | M51: BCA -104 | N51: RE [BCA-201] | O51: RE [BCA- 303,BCA -308] | P51: 6.64 | S51: =AVERAGE(M51:P51) -> 6.64
A52: 51 | B52: 1323051 | C52: 23-MCM-047 | D52: TANNU | E52: SALINDER | F52: 8307749948 | G52: salindersingh5657@gmail.com | H52: A | J52: BCA | L52: BCA | M52: 8.95 | N52: 9 | O52: 9.09 | P52: 9 | S52: =AVERAGE(M52:P52) -> 9.01
A53: 52 | B53: 1323052 | C53: 23-MCM-048 | D53: SHAKSHI | E53: PAWAN KUMAR | F53: 8307983683 | G53: sakshikabir0707@gmail.com | H53: A | J53: BCA | L53: BCA | M53: 8.45 | N53: 8.5 | O53: 8.27 | P53: 9 | S53: =AVERAGE(M53:P53) -> 8.555
A54: 53 | B54: 1323053 | C54: 23-MCM-049 | D54: CHIRAG | E54: MANOJ KUMAR | F54: 8396898841 | G54: Chiragmehndi8158@gmail.com | H54: A | J54: BCA | L54: BCA | M54: RL(REGN.) | N54: RLS | O54: RLS | P54: ABSENT | S54: =AVERAGE(M54:P54) -> #DIV/0!
A55: 54 | B55: 1323054 | C55: 23-MCM-050 | D55: HARSH | E55: JASVINDER KUMAR | F55: 8398916564 | G55: harshbains078@gmail.com | H55: A | J55: BCA | L55: BCA | M55: 7.07 | N55: 6.2 | O55: RE [BCA- 303,BCA-304,BCA- 305,BCA- 307,BCA -308,NSS-001/NCC-001] | P55: RE [BCA - 401,BCA - 402,BCA - 405,MAN-001] | S55: =AVERAGE(M55:P55) -> 6.635
A56: 55 | B56: 1323055 | C56: 23-MCM-051 | D56: PIYUSH SHARMA | E56: LALIT SHARMA | F56: 8570841035 | G56: piyushsharma74747@gmail.com | H56: A | L56: BCA | M56: 7.91 | N56: 7.82 | O56: 7.18 | P56: 7.18 | S56: =AVERAGE(M56:P56) -> 7.5225
A57: 56 | B57: 1323056 | C57: 23-MCM-000 | S57: =AVERAGE(M57:P57) -> #DIV/0!
A58: 57 | B58: 1323057 | C58: 23-MCM-052 | D58: VANSH | E58: SATISH KUMAR | F58: 8708011996 | G58: kambojvansh18@gmail.com | H58: A | J58: BCA | L58: BCA | M58: 7 | N58: 7.18 | O58: RE [BCA- 303,BCA -308] | P58: 7.64 | S58: =AVERAGE(M58:P58) -> 7.2733333
A59: 58 | B59: 1323058 | C59: 23-MCM-053 | D59: JASKARAN SINGH | E59: JASWINDER SINGH | F59: 8053910415 | G59: jaskaransingh19355@gmail.com | H59: A | L59: BCA | M59: BCA-102, BCA-104, HSMC-051 | N59: RE [BCA-201, BCA-202, BCA-203] | O59: ABSENT | P59: ABSENT | S59: =AVERAGE(M59:P59) -> #DIV/0!
A60: 59 | B60: 1323059 | C60: 23-MCM-054 | D60: MUSKAN | E60: VINOD KUMAR | F60: 7988616254 | G60: muskanjaat380@gmail.com | H60: A | J60: BCA (AI & ML) | L60: BCA | M60: 8.18 | N60: 8.18 | O60: RE [BCA-304,BCA- 306,BCA- 307,BCA -308] | P60: 8.05 | S60: =AVERAGE(M60:P60) -> 8.1366667
A61: 60 | B61: 1323060 | C61: 23-MCM-055 | D61: SUHANI RAJ | E61: RAJAN SHRIVASTAV | F61: 8708418701 | G61: suhanir964@gmail.com | H61: A | J61: BCA (Data Science) | L61: BCA | M61: 7.27 | N61: 7.95 | O61: 7.14 | P61: 7.75 | S61: =AVERAGE(M61:P61) -> 7.5275
A62: 61 | B62: 1323061 | C62: 23-MCM-056 | D62: SAHIL | E62: SATISH KUMAR | F62: 8814827548 | G62: satishsatish71287@gmail.com | H62: A | J62: BCA | L62: BCA | M62: BCA-101, BCA-103, BCA -104 | N62: RE [BCA-201, BCA-202, BCA-203, BHUM-013, BCA-204, BCA-205, BCA-206] | O62: ABSENT | P62: ABSENT | S62: =AVERAGE(M62:P62) -> #DIV/0!
A63: 62 | B63: 1323062 | C63: 23-MCM-057 | D63: MILAN | E63: SUNIL | F63: 8816884548 | G63: milandangi2005@gmail.com | H63: A | J63: BCA (AI & ML) | L63: BCA | M63: 7.36 | N63: 8.05 | O63: 7.64 | P63: 8.14 | S63: =AVERAGE(M63:P63) -> 7.7975
A64: 63 | B64: 1323063 | C64: 23-MCM-058 | D64: SACHIN CHOUDHARY | E64: MANOJ KUMAR | F64: 8950212534 | G64: sachinchaudhary23880@gmail.com | H64: A | L64: BCA | M64: 5.98 | N64: RE [BCA-201, BCA-203] | O64: RE [BCA- 302,BCA- 303,BCA- 305,BCA- 306,BCA -308,NSS-001/NCC-001] | P64: RLS | S64: =AVERAGE(M64:P64) -> 5.98
A65: 64 | B65: 1323064 | C65: 23-MCM-059 | D65: NAMAN ARORA | E65: DARSHAN ARORA | F65: 8950229941 | G65: namanarora0403@gmail.com | H65: A | L65: BCA | M65: 6.09 | N65: RE [BCA-201, BCA-203] | O65: RE [BCA- 303] | P65: ABSENT | S65: =AVERAGE(M65:P65) -> 6.09
A66: 65 | B66: 1323065 | C66: 23-MCM-060 | D66: SHREYA GUPTA | E66: SUMIT GUPTA | F66: 8950548142 | G66: shreyagupta17504@gmail.com | H66: A | J66: BCA (Data Science) | L66: BCA | M66: 8 | N66: 9.45 | O66: 8.32 | P66: 9.27 | S66: =AVERAGE(M66:P66) -> 8.76
A67: 66 | B67: 1323066 | C67: 23-MCM-061 | D67: NIHARIKA | E67: SANJEEV KUMAR | F67: 8950667283 | G67: rika212006@gmail.com | H67: A | J67: BCA | L67: BCA | M67: 8.55 | N67: 8.86 | O67: 8.18 | P67: 8.91 | S67: =AVERAGE(M67:P67) -> 8.625
A68: 67 | B68: 1323067 | C68: 23-MCM-062 | D68: AASTHA | E68: DEVI LAL | F68: 8950877990 | G68: aasthadeswal273@gmail.com | H68: A | J68: BCA (Data Science) | L68: BCA | M68: 7.68 | N68: 7.64 | O68: 7.77 | P68: 7.86 | S68: =AVERAGE(M68:P68) -> 7.7375
A69: 68 | B69: 1323068 | C69: 23-MCM-063 | D69: RAASHUL | E69: RAVINDER KUMAR | F69: 9017595727 | G69: riahabkawal@gmail.com | H69: A | J69: BCA (AI & ML) | L69: BCA | M69: 6.91 | N69: 6.09 | O69: RE [BCA- 303,BCA- 306,BCA -308] | P69: RE [BCA - 402] | S69: =AVERAGE(M69:P69) -> 6.5
A70: 69 | B70: 1323069 | C70: 23-MCM-000 | S70: =AVERAGE(M70:P70) -> #DIV/0!
A71: 70 | B71: 1323070 | C71: 23-MCM-064 | D71: KAVYA MITTAL | E71: RAKESH MITTAL | H71: A | L71: BCA | M71: 6.95 | N71: 6.59 | O71: ABSENT | S71: =AVERAGE(M71:P71) -> 6.77
A72: 71 | B72: 1323071 | C72: 23-MCM-065 | D72: VANSH | E72: VIRENDER SINGH | F72: 9885802000 | G72: Vanshgujjar2000@gmail.com | H72: A | L72: BCA | M72: 6.86 | N72: RE [BCA-201, BCA-206] | O72: RE [BCA- 303,BCA -308] | P72: ABSENT | S72: =AVERAGE(M72:P72) -> 6.86
A73: 72 | B73: 1323072 | C73: 23-MCM-066 | D73: TUSHAR | E73: RAJESH SAINI | F73: 9050214683 | G73: tusharsaini905021@gmail.com | H73: A | J73: BCA | L73: BCA | M73: 6.34 | N73: RE [BCA-201, BCA-202, BCA-203, BCA-206] | O73: RLS | P73: RE [BCA - 401,BCA - 402,MAN-001] | S73: =AVERAGE(M73:P73) -> 6.34
A74: 73 | B74: 1323073 | C74: 23-MCM-067 | D74: SHEETAL | E74: RAKESH | H74: A | L74: BCA | M74: 7.68 | N74: 7.43 | O74: ABSENT | S74: =AVERAGE(M74:P74) -> 7.555
A75: 74 | B75: 1323074 | C75: 23-MCM-000 | D75: SAORABH | E75: RAJENDER SINGH | F75: 7027172903 | G75: sourabhkauship55@gmail.com | H75: A | M75: 6.66 | N75: RE [BCA-201, BCA-202, BCA-203, BHUM-013, ENE-101, BCA-204, BCA-205, BCA-206] | P75: ABSENT | S75: =AVERAGE(M75:P75) -> 6.66
A76: 75 | B76: 1323075 | C76: 23-MCM-068 | D76: LAKSHIT | E76: SANJEEV KUMAR | M76: 7 | N76: RE [BCA-201, BCA-202, BCA-203, BHUM-013, ENE-101, BCA-204, BCA-205, BCA-206] | S76: =AVERAGE(M76:P76) -> 7
A77: 76 | B77: 1323076 | C77: 23-MCM-069 | S77: =AVERAGE(M77:P77) -> #DIV/0!
A78: 77 | B78: 1323077 | C78: 23-MCM-070 | D78: SHWETA KUMARI | E78: JAY NARAYAN BHARTI | F78: 9153874994 | G78: jaynarayanbharti44@gmail.com | H78: A | J78: BCA | L78: BCA | M78: 8.55 | N78: 9.09 | O78: 8.5 | P78: 9.18 | S78: =AVERAGE(M78:P78) -> 8.83
A79: 78 | B79: 1323078 | C79: 23-MCM-071 | D79: SHUBH BHUSHAN | E79: SHANTI BHUSHAN | F79: 9258370702 | G79: shubhbhushan84@gmail.com | H79: A | L79: BCA | M79: 6.48 | N79: RE [BCA-201, BCA-203] | O79: RE [BCA- 306,BCA- 307,BCA -308] | P79: 6.5 | S79: =AVERAGE(M79:P79) -> 6.49
A80: 79 | B80: 1323079 | C80: 23-MCM-072 | D80: KHUSHBOO | E80: RAJ KUMAR | F80: 9258620589 | G80: Khushboopundir9@gmail.com | H80: A | J80: BCA | L80: BCA | M80: 7.95 | N80: 8.86 | O80: 8.82 | P80: 8.91 | S80: =AVERAGE(M80:P80) -> 8.635
A81: 80 | B81: 1323080 | C81: 23-MCM-073 | D81: GURDEV SINGH | E81: HANS RAJ | F81: 9350756736 | G81: kaushaljigurdev23@gmail.com | H81: A | J81: BCA | L81: BCA | M81: 6 | N81: RE [BCA-201, BCA-202, BCA-203] | O81: RLS | P81: ABSENT | S81: =AVERAGE(M81:P81) -> 6
A82: 81 | B82: 1323081 | C82: 23-MCM-074 | D82: ISHANPREET SINGH | E82: CHARANJEET SINGH | L82: BCA | M82: BCA-101, BCA-102, BCA-103, BCA-104 | N82: RE [BCA-202, BCA-204] | S82: =AVERAGE(M82:P82) -> #DIV/0!
A83: 82 | B83: 1323082 | C83: 23-MCM-075 | D83: PAYAL | E83: KARAM CHAND SAINI | F83: 9306396810 | G83: payalsaini80830@gmail.com | H83: B | J83: BCA | L83: BCA | M83: RE [BCA-101, BCA-102, BCA-103, BCA-104] | N83: RE [BCA-203] | O83: 6.95 | P83: 8.18 | S83: =AVERAGE(M83:P83) -> 7.565
A84: 83 | B84: 1323083 | C84: 23-MCM-076 | D84: SIMRAN | E84: VINOD RANA | F84: 9306483856 | G84: Simran38780@gmail.com | H84: B | J84: BCA | L84: BCA | M84: 7.23 | N84: RE [BCA-202] | O84: 7.64 | P84: 7.73 | S84: =AVERAGE(M84:P84) -> 7.5333333
A85: 84 | B85: 1323084 | C85: 23-MCM-077 | D85: YASHIKA | E85: RAJESH | F85: 9306526975 | G85: ygarg5618@gmail.com | H85: B | J85: BCA | L85: BCA | M85: 7.32 | N85: 7.73 | O85: 8.59 | P85: 8.86 | S85: =AVERAGE(M85:P85) -> 8.125
A86: 85 | B86: 1323085 | C86: 23-MCM-078 | D86: SHUBHAM | E86: KANWAR PAL | F86: 9806882008 | G86: shubhamsaini93208@gmail.com | H86: B | J86: BCA (AI & ML) | L86: BCA | M86: 6.73 | N86: 7.73 | O86: 7.41 | P86: 7.43 | S86: =AVERAGE(M86:P86) -> 7.325
A87: 86 | B87: 1323086 | C87: 23-MCM-079 | D87: MAYANK SAINI | E87: TILAK RAJ SAINI | F87: 9306906734 | G87: msainikkr555@gmail.com | H87: B | J87: BCA (Data Science) | L87: BCA | M87: 6.57 | N87: 7.36 | O87: 7.09 | P87: 7 | S87: =AVERAGE(M87:P87) -> 7.005
A88: 87 | B88: 1323087 | C88: 23-MCM-080 | D88: LAKHVINDER SINGH | E88: JASBIR SINGH | F88: 8053048981 | G88: lkrajput9500@gmail.com | H88: B | J88: BCA (Data Science) | L88: BCA | M88: 6.52 | N88: 6.73 | O88: 7.36 | P88: 6.48 | S88: =AVERAGE(M88:P88) -> 6.7725
A89: 88 | B89: 1323088 | C89: 23-MCM-081 | D89: ARPIT KUMAR | E89: RAJESH KUMAR | F89: 9350090426 | G89: arpitkumar180206@gmail.com | H89: B | J89: BCA | L89: BCA | M89: 5.93 | N89: 6.25 | O89: RE [BCA-301] | P89: RE [BCA - 401,BCA -403,MAN-001] | S89: =AVERAGE(M89:P89) -> 6.09
A90: 89 | B90: 1323089 | C90: 23-MCM-082 | D90: LAVISH MEHTA | E90: DEEPAK KUMAR | L90: BCA | M90: 6.3 | N90: RE [BCA-201, BCA-202, BCA-203] | S90: =AVERAGE(M90:P90) -> 6.3
A91: 90 | B91: 1323090 | C91: 23-MCM-083 | D91: RUCHI | E91: TARSEM KUMAR | F91: 9416291170 | G91: sonidevi23446@gmail.com | H91: B | J91: BCA | L91: BCA | M91: 8.86 | N91: 9.64 | O91: 9.41 | P91: 9.05 | S91: =AVERAGE(M91:P91) -> 9.24
A92: 91 | B92: 1323091 | C92: 23-MCM-084 | D92: VANSHIKA AGGARWAL | E92: SANJAY KUMAR AGGARWAL | F92: 9416461113 | G92: Vanshika22cjm@gmail.com | H92: B | J92: BCA (Data Science) | L92: BCA | M92: 7.41 | N92: 8.14 | O92: 8.45 | P92: 8.27 | S92: =AVERAGE(M92:P92) -> 8.0675
A93: 92 | B93: 1323092 | C93: 23-MCM-085 | D93: LOVELY | E93: RAJESH KUMAR | F93: 7082371844 | G93: lovelygujjar15112005@gmail.com | H93: B | J93: BCA (Data Science) | L93: BCA | M93: 6.39 | N93: 7.32 | O93: 7.36 | P93: 6.45 | S93: =AVERAGE(M93:P93) -> 6.88
A94: 93 | B94: 1323093 | C94: 23-MCM-086 | D94: ANKIT KASHYAP | E94: RAJINDER SINGH | F94: 9416904526 | G94: ankitjindwan@gmail.com | H94: B | J94: BCA (Data Science) | L94: BCA | M94: 5.48 | N94: 6.05 | O94: 6.27 | P94: RE [BCA - 402] | S94: =AVERAGE(M94:P94) -> 5.9333333
A95: 94 | B95: 1323094 | C95: 23-MCM-087 | D95: RAMANDEEP SINGH | E95: HARVINDER SINGH | F95: 9466411285 | G95: rishzzsingh68@gmail.com | H95: B | J95: BCA (AI & ML) | L95: BCA | M95: 7.86 | N95: 8.41 | O95: 8.73 | P95: 7.91 | S95: =AVERAGE(M95:P95) -> 8.2275
A96: 95 | B96: 1323095 | C96: 23-MCM-088 | D96: KANAN SHARMA | E96: BHUSHAN SHARMA | F96: 9416264031 | G96: Kanansharma14@gmail.com | H96: B | J96: BCA (AI & ML) | L96: BCA | M96: BCA-103 | N96: RE [BCA-201, BCA-203] | O96: 5.64 | P96: RE [BCA - 401,BCA - 402,BCA -403] | S96: =AVERAGE(M96:P96) -> 5.64
A97: 96 | B97: 1323096 | C97: 23-MCM-089 | D97: VANSHIKA | E97: PARVEEN KUMAR | F97: 9518202144 | G97: vanshikanagvanshi802@gmail.com | H97: B | J97: BCA | L97: BCA | M97: 7.14 | N97: 6.75 | O97: 7 | P97: 6.93 | S97: =AVERAGE(M97:P97) -> 6.955
A98: 97 | B98: 1323097 | C98: 23-MCM-090 | D98: TANU RANI | E98: KULDEEP SINGH | F98: 8699832140 | G98: tanumehra2140@gmail.com | H98: B | J98: BCA (Data Science) | L98: BCA | M98: 7.66 | N98: 8.41 | O98: 8.23 | P98: 8.45 | S98: =AVERAGE(M98:P98) -> 8.1875
A99: 98 | B99: 1323098 | C99: 23-MCM-091 | D99: HARSH | E99: RAJESH | M99: RL(REGN.) | S99: =AVERAGE(M99:P99) -> #DIV/0!
A100: 99 | B100: 1323099 | C100: 23-MCM-092 | D100: NAVISH KUMAR | E100: MANOJ KUMAR | M100: RE [BCA -101, BCA -102, BCA-103, BCA -104] | N100: RE [BCA-201, BCA-202, BCA-203, BHUM-013, ENE-101, BCA-204, BCA-205] | S100: =AVERAGE(M100:P100) -> #DIV/0!
...

Sheet V-Lookup
B3: PROGRESS SHEET | J3: Update Module
B5: Student's Name | C5: =VLOOKUP($G$6,'BCA-2023-2026'!$B$2:$R$631,3,FALSE) -> PRATIPAL KUMAR SINGH | G5: Roll No. | J5: Roll_No. | K5: 1323607
B6: Father's Name | C6: =VLOOKUP($G$6,'BCA-2023-2026'!$B$2:$R$631,4,FALSE) -> SAWDHAN SINGH | G6: 1323607 | J6: =VLOOKUP($K$5,'BCA-2023-2026'!$B$2:$R$631,3,FALSE) -> PRATIPAL KUMAR SINGH
B7: Registration No. | C7: =VLOOKUP($G$6,'BCA-2023-2026'!$B$2:$R$631,2,FALSE) -> 23-MCM-576 | E7: Section. | F7: =VLOOKUP($G$6,'BCA-2023-2026'!$B$2:$R$631,7,FALSE) -> G | G7: Specail. | H7: =VLOOKUP($G$6,'BCA-2023-2026'!$B$2:$R$631,9,FALSE) -> BCA (Data Science) | J7: Sem. 1
B8: Sem. 1 | C8: =VLOOKUP($G$6,'BCA-2023-2026'!$B$2:$R$631,12,FALSE) -> 7 | J8: Sem. 2
B9: Sem. 2 | C9: =VLOOKUP($G$6,'BCA-2023-2026'!$B$2:$R$631,13,FALSE) -> 8.05 | J9: Sem. 3
B10: Sem. 3 | C10: =VLOOKUP($G$6,'BCA-2023-2026'!$B$2:$R$631,14,FALSE) -> 9.05 | J10: Sem. 4
B11: Sem. 4 | C11: =VLOOKUP($G$6,'BCA-2023-2026'!$B$2:$R$631,15,FALSE) -> 7.36 | J11: Sem. 5
B12: Sem. 5 | C12: =VLOOKUP($G$6,'BCA-2023-2026'!$B$2:$R$631,16,FALSE) -> 0 | J12: Sem. 6
B13: Sem. 6 | C13: =VLOOKUP($G$6,'BCA-2023-2026'!$B$2:$R$631,17,FALSE) -> 0
B14: Average | C14: =AVERAGE(C8:H11) -> 7.865

Sheet BCA-2023-UPDATE
A1: S.No. | B1: Roll No. | C1: Reg. No | D1: Name | E1: Father's Name | F1: Mobile No. | G1: Email ID | H1: Section | I1: Group Specialization | J1: Course Changed | K1: Group | L1: Specialization | M1: 1st Sem. | N1: 2nd Sem. | O1: 3rd Sem. | P1: 4th Sem. | Q1: 5th Sem. | R1: 6th Sem. | S1: Average
A2: 1 | B2: 1323001 | C2: 23-MCM- | S2: =AVERAGE(M2:P2) -> #DIV/0!
A3: 2 | B3: 1323002 | C3: 23-MCM-001 | D3: SHELLY KAMBOJ | E3: SUNIL KAMBOJ | F3: 6398068307 | G3: Kambojshelly674@gmail.com | H3: A | J3: BCA (Data Science) | L3: BCA | M3: 6.2 | N3: RE [CUL-001] | O3: RE [BCA -308] | P3: RE [BCA - 402] | S3: =AVERAGE(M3:P3) -> 6.2
A4: 3 | B4: 1323003 | C4: 23-MCM- | L4: BCA | S4: =AVERAGE(M4:P4) -> #DIV/0!
A5: 4 | B5: 1323004 | C5: 23-MCM-002 | D5: SHASHWAT | E5: NARESH KUMAR | F5: 7015333235 | G5: gambhirshavi@gmail.con | H5: A | J5: BCA | L5: BCA | M5: 6.61 | N5: 6.23 | O5: RE [BCA -308] | P5: 6.39 | S5: =AVERAGE(M5:P5) -> 6.41
A6: 5 | B6: 1323005 | C6: 23-MCM-003 | D6: HARLEEN KAUR | E6: DAVINDER SINGH | M6: 8.77 | N6: RE [BCA-201, BCA-202, BCA-203, BHUM-013, ENE-101] | S6: =AVERAGE(M6:P6) -> 8.77
A7: 6 | B7: 1323006 | C7: 23-MCM-004 | D7: JASHANDEEP KAUR | E7: SURINDER SINGH | F7: 7027082784 | G7: Jasssandhu9402@gmail.com | H7: A | J7: BCA (Data Science) | L7: BCA | M7: 8.05 | N7: 8.45 | O7: 8.36 | P7: 7.32 | S7: =AVERAGE(M7:P7) -> 8.045
A8: 7 | B8: 1323007 | C8: 23-MCM-005 | D8: JATIN PANCHAL | E8: PARDEEP KUMAR | F8: 7027435871 | G8: jatinpanchal01235@gmail.com | H8: A | J8: BCA | L8: BCA | M8: 7.45 | N8: 8.18 | O8: 7.95 | P8: 7.55 | S8: =AVERAGE(M8:P8) -> 7.7825
A9: 8 | B9: 1323008 | C9: 23-MCM-006 | D9: PARAVDEEP KAUR | E9: SUKHWINDER SINGH | F9: 7027684989 | G9: kaurparavdeep01@gmail.com | H9: A | J9: BCA (Data Science) | L9: AI | M9: RE [BCA -102] | N9: RE [BCA-201, BCA-202, BCA-203] | O9: RE [BCA- 306,BCA -308] | P9: 6.66 | S9: =AVERAGE(M9:P9) -> 6.66
A10: 9 | B10: 1323009 | C10: 23-MCM-007 | D10: RAM | E10: ASHOK JHA | F10: 7027743511 | G10: jairam4247@gmail.com | H10: A | J10: BCA | L10: BCA | M10: 6.55 | N10: 6.84 | O10: 7.59 | P10: 6.25 | S10: =AVERAGE(M10:P10) -> 6.8075
A11: 10 | B11: 1323010 | C11: 23-MCM-008 | D11: PANKAJ BAGAULI | E11: NAVEEN CHANDRA BAGAULI | F11: 7055570167 | G11: pankajbagauli03@gmail.com | H11: A | J11: BCA (Data Science) | L11: BCA | M11: 7.91 | N11: 8.55 | O11: 7.91 | P11: 7.41 | S11: =AVERAGE(M11:P11) -> 7.945
A12: 11 | B12: 1323011 | C12: 23-MCM-009 | D12: LAKSHAY | E12: AJAY KUMAR | F12: 7056088460 | G12: lakshayjuneja003@gmail.com | H12: A | J12: BCA (AI & ML) | L12: DS | M12: 7.73 | N12: 8.59 | O12: 8.09 | P12: 7.11 | S12: =AVERAGE(M12:P12) -> 7.88
A13: 12 | B13: 1323012 | C13: 23-MCM-010 | D13: MEENAKSHI | E13: KRISHAN | F13: 7056369950 | G13: meenakshidhiman335@gmail.com | H13: A | J13: BCA | L13: BCA | M13: 8.68 | N13: 9.23 | O13: 9.5 | P13: 8.95 | S13: =AVERAGE(M13:P13) -> 9.09
A14: 13 | B14: 1323013 | C14: 23-MCM-011 | D14: SANDEEP KUMAR SAINI | E14: PURAN CHAND | M14: RLS | N14: RE [BCA-201, BCA-202, BCA-203, BHUM-013, ENE-101, BCA-204, BCA-205] | O14: 8.73 | S14: =AVERAGE(M14:P14) -> 8.73
A15: 14 | B15: 1323014 | C15: 23-MCM-012 | D15: VANSH MAINI | E15: RAJESH KUMAR | M15: RL(REGN.) | S15: =AVERAGE(M15:P15) -> #DIV/0!
A16: 15 | B16: 1323015 | C16: 23-MCM-013 | D16: DIVYANSHI | E16: SUNIL DUTT SHARMA | F16: 7206610722 | G16: ak2368307@gmail.com | H16: A | J16: BCA | L16: BCA | M16: 7.91 | N16: 8.41 | P16: 8.14 | S16: =AVERAGE(M16:P16) -> 8.1533333
A17: 16 | B17: 1323016 | C17: 23-MCM-014 | D17: KUNAL TALWAR | E17: VARINDER KUMAR | F17: 7206639042 | G17: kunaltalwar387@gmail.com | H17: A | L17: BCA | M17: 6.77 | N17: 6.95 | O17: RE [BCA- 306,BCA -308] | P17: RE [BCA -403] | S17: =AVERAGE(M17:P17) -> 6.86
A18: 17 | B18: 1323017 | C18: 23-MCM-015 | D18: ARPIT | E18: PAWAN KUMAR | F18: 8307255025 | G18: arpitbains83072@gmail.com | H18: A | J18: BCA | L18: BCA | M18: 6.07 | N18: RE [BCA-201] | O18: RE [BCA -308] | P18: RE [BCA - 401,BCA - 402] | S18: =AVERAGE(M18:P18) -> 6.07
A19: 18 | B19: 1323018 | C19: 23-MCM-016 | D19: VANSHAM DUTTA | E19: ASHWANI DUTTA | F19: 7393900039 | G19: vanshamdutta@gmail.com | H19: A | J19: BCA | L19: BCA | M19: 6.75 | N19: 6.82 | O19: RE [BCA -308] | P19: RE [BCA -403,BHUM-022] | S19: =AVERAGE(M19:P19) -> 6.785
A20: 19 | B20: 1323019 | C20: 23-MCM-017 | D20: JANVI | E20: RAJEEV SHANKAR | F20: 7404285548 | G20: janvipandey8950@gmail.com | H20: A | J20: BCA | L20: BCA | M20: 8.5 | N20: 9 | O20: 9.05 | P20: 8.82 | S20: =AVERAGE(M20:P20) -> 8.8425
A21: 20 | B21: 1323020 | C21: 23-MCM-018 | D21: HIMANSHU | E21: BALINDER SINGH | M21: RL(REGN.) | S21: =AVERAGE(M21:P21) -> #DIV/0!
A22: 21 | B22: 1323021 | C22: 23-MCM-019 | D22: NIKHIL | E22: PARMOD KUMAR | H22: A | L22: BCA | M22: BCA-101, BCA-102, BCA-103, BCA-104, BHUM-011, HSMC-051, BCA-105, BCA-106 | N22: RE [BCA-201, BCA-202, BCA-203, BHUM-013, ENE-101, BCA-204, BCA-205, BCA-206] | S22: =AVERAGE(M22:P22) -> #DIV/0!
A23: 22 | B23: 1323022 | C23: 23-MCM-020 | D23: VANSH | E23: PARDEEP | F23: 7404743742 | G23: Nainvansh748@email.com | H23: A | L23: BCA | M23: 6.91 | N23: RE [BCA-205, BCA-204, BCA-201, BCA-202, BCA-203, BCA-206] | O23: RE [BCA -308] | P23: RE [MAN-001] | S23: =AVERAGE(M23:P23) -> 6.91
A24: 23 | B24: 1323023 | C24: 23-MCM-021 | D24: JAYA SHARMA | E24: PARDEEP SHARMA | F24: 7419206501 | G24: Jiyasharma200220@gmail.com | H24: A | J24: BCA (AI & ML) | L24: BCA | M24: 8.18 | N24: 7.95 | O24: RE [BCA -308] | P24: 7.95 | S24: =AVERAGE(M24:P24) -> 8.0266667
A25: 24 | B25: 1323024 | C25: 23-MCM-000 | S25: =AVERAGE(M25:P25) -> #DIV/0!
A26: 25 | B26: 1323025 | C26: 23-MCM-022 | D26: CHAKSHIT LUTHRA | E26: SANJEEV KUMAR | F26: 7496018760 | G26: Chakshitluthra78@gmail.com | H26: A | J26: BCA | L26: BCA | M26: 6.82 | N26: 6.61 | O26: RE [BCA- 307,BCA -308] | P26: RE [BCA - 401,BCA - 402,BCA -403,BCA - 404,BHUM-022,MAN-001] | S26: =AVERAGE(M26:P26) -> 6.715
A27: 26 | B27: 1323026 | C27: 23-MCM-023 | D27: AMBER SHARMA | E27: ASHWANI KUMAR | F27: 7500139374 | G27: ambersharma681@gmail.com | H27: A | J27: BCA | L27: BCA | M27: 7.23 | N27: 7.55 | O27: 8.23 | P27: 6.68 | S27: =AVERAGE(M27:P27) -> 7.4225
A28: 27 | B28: 1323027 | C28: 23-MCM-024 | D28: SAHIL | E28: RAVINDER | F28: 9817026844 | G28: Sr0473403@gmail.com | H28: A | J28: BCA (Data Science) | L28: BCA | M28: 7.27 | N28: RLA | O28: RE [BCA -308] | P28: RLS | S28: =AVERAGE(M28:P28) -> 7.27
A29: 28 | B29: 1323028 | C29: 23-MCM-025 | D29: SHUBHAM BAKSHI | E29: DHARMINDER BAKSHI | F29: 7876863816 | G29: Shubhambakshi2005@gmail.com | H29: A | J29: BCA | L29: BCA | M29: 6.75 | N29: RE [BCA-201, BCA-206] | O29: RE [BCA -308] | P29: 5.8 | S29: =AVERAGE(M29:P29) -> 6.275
A30: 29 | B30: 1323029 | C30: 23-MCM-026 | D30: HARSHDIP SINGH | E30: RAMESH SINGH | F30: 7973957117 | G30: harshpardhan1717@gmail.com | H30: A | L30: BCA | M30: BCA-102, BCA-104, HSMC-051 | N30: RE [BCA-201, BCA-202, BCA-203] | O30: RE [BCA- 302,BCA-304,BCA- 305,BCA- 306,BCA- 307,BCA -308] | P30: RE [BCA - 401,BCA -403,BCA - 404,BCA - 405,BCA - 406,BHUM-022,BCIV-180] | S30: =AVERAGE(M30:P30) -> #DIV/0!
A31: 30 | B31: 1323030 | C31: 23-MCM-027 | D31: AKHIL KUMAR | E31: MANGAT RAM | F31: 7988539214 | G31: akhilkashyap964@gmail.com | H31: A | J31: BCA | L31: BCA | M31: RE [BCA -104] | N31: RE [BCA-201, BCA-203, BCA-206] | O31: RE [BCA -308] | P31: 7.59 | S31: =AVERAGE(M31:P31) -> 7.59
A32: 31 | B32: 1323031 | C32: 23-MCM-028 | D32: SAKSHI MEHTA | E32: SANDEEP MEHTA | F32: 7988585307 | G32: sakshimehta.010191@gmail.com | H32: A | J32: BCA | L32: BCA | M32: 9.36 | N32: 8.91 | O32: 8.95 | P32: 9.32 | S32: =AVERAGE(M32:P32) -> 9.135
A33: 32 | B33: 1323032 | C33: 23-MCM-029 | D33: MANPREET KAUR | E33: BHULLA SINGH | F33: 8053095927 | G33: manpreet85345@yahoo.com | H33: A | J33: BCA | L33: AI | M33: 7.32 | N33: RE [BCA-201, BCA-202, BCA-203] | O33: 8.36 | P33: ABSENT | S33: =AVERAGE(M33:P33) -> 7.84
A34: 33 | B34: 1323033 | C34: 23-MCM-030 | D34: VEERPARTAP SINGH | E34: SORABH KUMAR | F34: 8053211500 | G34: vpsinghmarwa@gmail.com | H34: A | J34: BCA | L34: BCA | M34: 7.32 | N34: RE [BCA-201, BCA-202, BCA-203, BHUM-013, ENE-101, BCA-204, BCA-205] | O34: RE [BCA -308] | P34: RE [MAN-001] | S34: =AVERAGE(M34:P34) -> 7.32
A35: 34 | B35: 1323034 | C35: 23-MCM-031 | D35: DIVYA SHARMA | E35: MOHINDER PAL | F35: 8053841041 | G35: divyaasharma2006@gmail.com | H35: A | J35: BCA (Data Science) | L35: BCA | M35: 8.55 | N35: 8.41 | O35: 8.27 | P35: 8.95 | S35: =AVERAGE(M35:P35) -> 8.545
A36: 35 | B36: 1323035 | C36: 23-MCM-032 | L36: BCA | S36: =AVERAGE(M36:P36) -> #DIV/0!
A37: 36 | B37: 1323036 | C37: 23-MCM-033 | D37: RASHI SHARMA | E37: RAVINDER SHARMA | F37: 8168091086 | G37: Rasshisharma200@gmail.com | H37: A | J37: BCA | L37: BCA | M37: 7.64 | N37: 7.93 | O37: 8.09 | P37: 8 | S37: =AVERAGE(M37:P37) -> 7.915
A38: 37 | B38: 1323037 | C38: 23-MCM-034 | D38: PALAKPREET KAUR | E38: GURJIT SINGH | F38: 8168105044 | G38: multanipalak01@gmail.com | H38: A | J38: BCA | L38: AI | M38: BCA-101, BCA-102, BCA-103, BCA-104, BCA-105, BCA-106 | N38: RLA | O38: RE [BCA- 306,BCA- 307,BCA -308] | P38: 7.36 | S38: =AVERAGE(M38:P38) -> 7.36
A39: 38 | B39: 1323038 | C39: 23-MCM-035 | D39: MOHIT | E39: RAKESH KUMAR | F39: 8168199269 | G39: aggarwalmohit171@gmail.com | H39: A | J39: BCA (AI & ML) | L39: BCA | M39: 6.09 | N39: 6.09 | O39: RE [BCA- 307,BCA -308] | P39: 6.3 | S39: =AVERAGE(M39:P39) -> 6.16
A40: 39 | B40: 1323039 | C40: 23-MCM-036 | D40: CHAVI DHIMAN | E40: SANJEEV KUMAR | F40: 8168760188 | G40: chavidhiman065@gmail.com | H40: A | J40: BCA | L40: BCA | M40: 7.45 | N40: 7.25 | O40: 7.64 | P40: 8.23 | S40: =AVERAGE(M40:P40) -> 7.6425
A41: 40 | B41: 1323040 | C41: 23-MCM-037 | D41: BALKAR SINGH | E41: RAMESH KUMAR | F41: 8221013127 | G41: Balkargurjar5@gmail.com | H41: A | J41: BCA | L41: BCA | M41: BCA -104 | N41: RE [BCA-201, BCA-202, BCA-203, BCA-204, BCA-205, BCA-206] | O41: RE [BCA- 302,BCA- 303,BCA- 305,BCA- 306,BCA- 307,BCA -308] | P41: RLS | S41: =AVERAGE(M41:P41) -> #DIV/0!
A42: 41 | B42: 1323041 | C42: 23-MCM-038 | D42: LAVISH KUMAR | E42: SIRI OM | F42: 8222051432 | G42: lavishangrish24@gmail.com | H42: A | J42: BCA | M42: 6.91 | N42: 6.43 | O42: RE [BCA -308] | P42: 6.27 | S42: =AVERAGE(M42:P42) -> 6.5366667
A43: 42 | B43: 1323042 | C43: 23-MCM-000 | S43: =AVERAGE(M43:P43) -> #DIV/0!
A44: 43 | B44: 1323043 | C44: 23-MCM-039 | D44: ANKIT | E44: MANPAL SINGH | F44: 9812841396 | G44: gillankit716@gmail.com | H44: A | J44: BCA | L44: BCA | M44: BCA-101, BCA-102, BCA-103, BCA-104, BHUM-011, HSMC-051, BCA-105, BCA-106 | N44: RLA | O44: RE [BCA- 306,BCA- 307,BCA -308] | P44: 6.64 | S44: =AVERAGE(M44:P44) -> 6.64
A45: 44 | B45: 1323044 | C45: 23-MCM-040 | D45: SHIMALI | E45: SAKOOR MOHD | F45: 8278476658 | G45: shimali2062dav@gmail.com | H45: A | J45: BCA | L45: BCA | M45: 8.55 | N45: 9.18 | O45: 9.41 | P45: 9.73 | S45: =AVERAGE(M45:P45) -> 9.2175
A46: 45 | B46: 1323045 | C46: 23-MCM-041 | D46: DEVANSHU | E46: RAJESH KUMAR | F46: 8295988004 | G46: dhimandevanshu36@gmail.com | H46: A | J46: BCA | L46: BCA | M46: 7.91 | N46: 7.73 | O46: RE [BCA- 307,BCA -308] | P46: 7.05 | S46: =AVERAGE(M46:P46) -> 7.5633333
A47: 46 | B47: 1323046 | C47: 23-MCM-042 | D47: SHIVANSH PRASHAR | E47: PANKAJ | F47: 8307702591 | G47: Shivanshprashar048@gmail.com | H47: A | J47: BCA | L47: BCA | M47: 5.95 | N47: 6.02 | O47: RE [BCA- 303,BCA -308] | P47: 5.91 | S47: =AVERAGE(M47:P47) -> 5.96
A48: 47 | B48: 1323047 | C48: 23-MCM-043 | D48: ADITYA | E48: AMARJEET SINGH | F48: 9671496807 | G48: adijattian020@gmail.com | H48: A | L48: BCA | M48: RL(REGN.) | N48: RL(REGN.) | O48: RL(REGN.) | P48: ABSENT | S48: =AVERAGE(M48:P48) -> #DIV/0!
A49: 48 | B49: 1323048 | C49: 23-MCM-044 | D49: PARDUMAN | E49: RAM NARESH GUPTA | F49: 8307521665 | G49: Pradumang965@gamil.com | H49: A | J49: BCA | L49: BCA | M49: RE [BCA -104] | N49: RE [BCA-201, BCA-203, ENE-101] | O49: RLS | P49: RE [BCA -403,MAN-001] | S49: =AVERAGE(M49:P49) -> #DIV/0!
A50: 49 | B50: 1323049 | C50: 23-MCM-045 | D50: NONIT | E50: SITA RAM | F50: 8307542422 | G50: nonupandit033@gmail.com | H50: A | J50: BCA | L50: BCA | M50: 7.09 | N50: RE [BCA-201, BCA-206] | O50: RE [BCA -308] | P50: 7.07 | S50: =AVERAGE(M50:P50) -> 7.08
A51: 50 | B51: 1323050 | C51: 23-MCM-046 | D51: SANDEEP | E51: SOHAN LAL | F51: 8307603051 | G51: bagadsarkar5@gmail.com | H51: A | J51: BCA | L51: BCA | M51: BCA -104 | N51: RE [BCA-201] | O51: RE [BCA- 303,BCA -308] | P51: 6.64 | S51: =AVERAGE(M51:P51) -> 6.64
A52: 51 | B52: 1323051 | C52: 23-MCM-047 | D52: TANNU | E52: SALINDER | F52: 8307749948 | G52: salindersingh5657@gmail.com | H52: A | J52: BCA | L52: BCA | M52: 8.95 | N52: 9 | O52: 9.09 | P52: 9 | S52: =AVERAGE(M52:P52) -> 9.01
A53: 52 | B53: 1323052 | C53: 23-MCM-048 | D53: SHAKSHI | E53: PAWAN KUMAR | F53: 8307983683 | G53: sakshikabir0707@gmail.com | H53: A | J53: BCA | L53: BCA | M53: 8.45 | N53: 8.5 | O53: 8.27 | P53: 9 | S53: =AVERAGE(M53:P53) -> 8.555
A54: 53 | B54: 1323053 | C54: 23-MCM-049 | D54: CHIRAG | E54: MANOJ KUMAR | F54: 8396898841 | G54: Chiragmehndi8158@gmail.com | H54: A | J54: BCA | L54: BCA | M54: RL(REGN.) | N54: RLS | O54: RLS | P54: ABSENT | S54: =AVERAGE(M54:P54) -> #DIV/0!
A55: 54 | B55: 1323054 | C55: 23-MCM-050 | D55: HARSH | E55: JASVINDER KUMAR | F55: 8398916564 | G55: harshbains078@gmail.com | H55: A | J55: BCA | L55: BCA | M55: 7.07 | N55: 6.2 | O55: RE [BCA- 303,BCA-304,BCA- 305,BCA- 307,BCA -308,NSS-001/NCC-001] | P55: RE [BCA - 401,BCA - 402,BCA - 405,MAN-001] | S55: =AVERAGE(M55:P55) -> 6.635
A56: 55 | B56: 1323055 | C56: 23-MCM-051 | D56: PIYUSH SHARMA | E56: LALIT SHARMA | F56: 8570841035 | G56: piyushsharma74747@gmail.com | H56: A | L56: BCA | M56: 7.91 | N56: 7.82 | O56: 7.18 | P56: 7.18 | S56: =AVERAGE(M56:P56) -> 7.5225
A57: 56 | B57: 1323056 | C57: 23-MCM-000 | S57: =AVERAGE(M57:P57) -> #DIV/0!
A58: 57 | B58: 1323057 | C58: 23-MCM-052 | D58: VANSH | E58: SATISH KUMAR | F58: 8708011996 | G58: kambojvansh18@gmail.com | H58: A | J58: BCA | L58: BCA | M58: 7 | N58: 7.18 | O58: RE [BCA- 303,BCA -308] | P58: 7.64 | S58: =AVERAGE(M58:P58) -> 7.2733333
A59: 58 | B59: 1323058 | C59: 23-MCM-053 | D59: JASKARAN SINGH | E59: JASWINDER SINGH | F59: 8053910415 | G59: jaskaransingh19355@gmail.com | H59: A | L59: BCA | M59: BCA-102, BCA-104, HSMC-051 | N59: RE [BCA-201, BCA-202, BCA-203] | O59: ABSENT | P59: ABSENT | S59: =AVERAGE(M59:P59) -> #DIV/0!
A60: 59 | B60: 1323059 | C60: 23-MCM-054 | D60: MUSKAN | E60: VINOD KUMAR | F60: 7988616254 | G60: muskanjaat380@gmail.com | H60: A | J60: BCA (AI & ML) | L60: BCA | M60: 8.18 | N60: 8.18 | O60: RE [BCA-304,BCA- 306,BCA- 307,BCA -308] | P60: 8.05 | S60: =AVERAGE(M60:P60) -> 8.1366667
A61: 60 | B61: 1323060 | C61: 23-MCM-055 | D61: SUHANI RAJ | E61: RAJAN SHRIVASTAV | F61: 8708418701 | G61: suhanir964@gmail.com | H61: A | J61: BCA (Data Science) | L61: BCA | M61: 7.27 | N61: 7.95 | O61: 7.14 | P61: 7.75 | S61: =AVERAGE(M61:P61) -> 7.5275
A62: 61 | B62: 1323061 | C62: 23-MCM-056 | D62: SAHIL | E62: SATISH KUMAR | F62: 8814827548 | G62: satishsatish71287@gmail.com | H62: A | J62: BCA | L62: BCA | M62: BCA-101, BCA-103, BCA -104 | N62: RE [BCA-201, BCA-202, BCA-203, BHUM-013, BCA-204, BCA-205, BCA-206] | O62: ABSENT | P62: ABSENT | S62: =AVERAGE(M62:P62) -> #DIV/0!
A63: 62 | B63: 1323062 | C63: 23-MCM-057 | D63: MILAN | E63: SUNIL | F63: 8816884548 | G63: milandangi2005@gmail.com | H63: A | J63: BCA (AI & ML) | L63: BCA | M63: 7.36 | N63: 8.05 | O63: 7.64 | P63: 8.14 | S63: =AVERAGE(M63:P63) -> 7.7975
A64: 63 | B64: 1323063 | C64: 23-MCM-058 | D64: SACHIN CHOUDHARY | E64: MANOJ KUMAR | F64: 8950212534 | G64: sachinchaudhary23880@gmail.com | H64: A | L64: BCA | M64: 5.98 | N64: RE [BCA-201, BCA-203] | O64: RE [BCA- 302,BCA- 303,BCA- 305,BCA- 306,BCA -308,NSS-001/NCC-001] | P64: RLS | S64: =AVERAGE(M64:P64) -> 5.98
A65: 64 | B65: 1323064 | C65: 23-MCM-059 | D65: NAMAN ARORA | E65: DARSHAN ARORA | F65: 8950229941 | G65: namanarora0403@gmail.com | H65: A | L65: BCA | M65: 6.09 | N65: RE [BCA-201, BCA-203] | O65: RE [BCA- 303] | P65: ABSENT | S65: =AVERAGE(M65:P65) -> 6.09
A66: 65 | B66: 1323065 | C66: 23-MCM-060 | D66: SHREYA GUPTA | E66: SUMIT GUPTA | F66: 8950548142 | G66: shreyagupta17504@gmail.com | H66: A | J66: BCA (Data Science) | L66: BCA | M66: 8 | N66: 9.45 | O66: 8.32 | P66: 9.27 | S66: =AVERAGE(M66:P66) -> 8.76
A67: 66 | B67: 1323066 | C67: 23-MCM-061 | D67: NIHARIKA | E67: SANJEEV KUMAR | F67: 8950667283 | G67: rika212006@gmail.com | H67: A | J67: BCA | L67: BCA | M67: 8.55 | N67: 8.86 | O67: 8.18 | P67: 8.91 | S67: =AVERAGE(M67:P67) -> 8.625
A68: 67 | B68: 1323067 | C68: 23-MCM-062 | D68: AASTHA | E68: DEVI LAL | F68: 8950877990 | G68: aasthadeswal273@gmail.com | H68: A | J68: BCA (Data Science) | L68: BCA | M68: 7.68 | N68: 7.64 | O68: 7.77 | P68: 7.86 | S68: =AVERAGE(M68:P68) -> 7.7375
A69: 68 | B69: 1323068 | C69: 23-MCM-063 | D69: RAASHUL | E69: RAVINDER KUMAR | F69: 9017595727 | G69: riahabkawal@gmail.com | H69: A | J69: BCA (AI & ML) | L69: BCA | M69: 6.91 | N69: 6.09 | O69: RE [BCA- 303,BCA- 306,BCA -308] | P69: RE [BCA - 402] | S69: =AVERAGE(M69:P69) -> 6.5
A70: 69 | B70: 1323069 | C70: 23-MCM-000 | S70: =AVERAGE(M70:P70) -> #DIV/0!
A71: 70 | B71: 1323070 | C71: 23-MCM-064 | D71: KAVYA MITTAL | E71: RAKESH MITTAL | H71: A | L71: BCA | M71: 6.95 | N71: 6.59 | O71: ABSENT | S71: =AVERAGE(M71:P71) -> 6.77
A72: 71 | B72: 1323071 | C72: 23-MCM-065 | D72: VANSH | E72: VIRENDER SINGH | F72: 9885802000 | G72: Vanshgujjar2000@gmail.com | H72: A | L72: BCA | M72: 6.86 | N72: RE [BCA-201, BCA-206] | O72: RE [BCA- 303,BCA -308] | P72: ABSENT | S72: =AVERAGE(M72:P72) -> 6.86
A73: 72 | B73: 1323072 | C73: 23-MCM-066 | D73: TUSHAR | E73: RAJESH SAINI | F73: 9050214683 | G73: tusharsaini905021@gmail.com | H73: A | J73: BCA | L73: BCA | M73: 6.34 | N73: RE [BCA-201, BCA-202, BCA-203, BCA-206] | O73: RLS | P73: RE [BCA - 401,BCA - 402,MAN-001] | S73: =AVERAGE(M73:P73) -> 6.34
A74: 73 | B74: 1323073 | C74: 23-MCM-067 | D74: SHEETAL | E74: RAKESH | H74: A | L74: BCA | M74: 7.68 | N74: 7.43 | O74: ABSENT | S74: =AVERAGE(M74:P74) -> 7.555
A75: 74 | B75: 1323074 | C75: 23-MCM-000 | D75: SAORABH | E75: RAJENDER SINGH | F75: 7027172903 | G75: sourabhkauship55@gmail.com | H75: A | M75: 6.66 | N75: RE [BCA-201, BCA-202, BCA-203, BHUM-013, ENE-101, BCA-204, BCA-205, BCA-206] | P75: ABSENT | S75: =AVERAGE(M75:P75) -> 6.66
A76: 75 | B76: 1323075 | C76: 23-MCM-068 | D76: LAKSHIT | E76: SANJEEV KUMAR | M76: 7 | N76: RE [BCA-201, BCA-202, BCA-203, BHUM-013, ENE-101, BCA-204, BCA-205, BCA-206] | S76: =AVERAGE(M76:P76) -> 7
A77: 76 | B77: 1323076 | C77: 23-MCM-069 | S77: =AVERAGE(M77:P77) -> #DIV/0!
A78: 77 | B78: 1323077 | C78: 23-MCM-070 | D78: SHWETA KUMARI | E78: JAY NARAYAN BHARTI | F78: 9153874994 | G78: jaynarayanbharti44@gmail.com | H78: A | J78: BCA | L78: BCA | M78: 8.55 | N78: 9.09 | O78: 8.5 | P78: 9.18 | S78: =AVERAGE(M78:P78) -> 8.83
A79: 78 | B79: 1323078 | C79: 23-MCM-071 | D79: SHUBH BHUSHAN | E79: SHANTI BHUSHAN | F79: 9258370702 | G79: shubhbhushan84@gmail.com | H79: A | L79: BCA | M79: 6.48 | N79: RE [BCA-201, BCA-203] | O79: RE [BCA- 306,BCA- 307,BCA -308] | P79: 6.5 | S79: =AVERAGE(M79:P79) -> 6.49
A80: 79 | B80: 1323079 | C80: 23-MCM-072 | D80: KHUSHBOO | E80: RAJ KUMAR | F80: 9258620589 | G80: Khushboopundir9@gmail.com | H80: A | J80: BCA | L80: BCA | M80: 7.95 | N80: 8.86 | O80: 8.82 | P80: 8.91 | S80: =AVERAGE(M80:P80) -> 8.635
A81: 80 | B81: 1323080 | C81: 23-MCM-073 | D81: GURDEV SINGH | E81: HANS RAJ | F81: 9350756736 | G81: kaushaljigurdev23@gmail.com | H81: A | J81: BCA | L81: BCA | M81: 6 | N81: RE [BCA-201, BCA-202, BCA-203] | O81: RLS | P81: ABSENT | S81: =AVERAGE(M81:P81) -> 6
A82: 81 | B82: 1323081 | C82: 23-MCM-074 | D82: ISHANPREET SINGH | E82: CHARANJEET SINGH | L82: BCA | M82: BCA-101, BCA-102, BCA-103, BCA-104 | N82: RE [BCA-202, BCA-204] | S82: =AVERAGE(M82:P82) -> #DIV/0!
A83: 82 | B83: 1323082 | C83: 23-MCM-075 | D83: PAYAL | E83: KARAM CHAND SAINI | F83: 9306396810 | G83: payalsaini80830@gmail.com | H83: B | J83: BCA | L83: BCA | M83: RE [BCA-101, BCA-102, BCA-103, BCA-104] | N83: RE [BCA-203] | O83: 6.95 | P83: 8.18 | S83: =AVERAGE(M83:P83) -> 7.565
A84: 83 | B84: 1323083 | C84: 23-MCM-076 | D84: SIMRAN | E84: VINOD RANA | F84: 9306483856 | G84: Simran38780@gmail.com | H84: B | J84: BCA | L84: BCA | M84: 7.23 | N84: RE [BCA-202] | O84: 7.64 | P84: 7.73 | S84: =AVERAGE(M84:P84) -> 7.5333333
A85: 84 | B85: 1323084 | C85: 23-MCM-077 | D85: YASHIKA | E85: RAJESH | F85: 9306526975 | G85: ygarg5618@gmail.com | H85: B | J85: BCA | L85: BCA | M85: 7.32 | N85: 7.73 | O85: 8.59 | P85: 8.86 | S85: =AVERAGE(M85:P85) -> 8.125
A86: 85 | B86: 1323085 | C86: 23-MCM-078 | D86: SHUBHAM | E86: KANWAR PAL | F86: 9806882008 | G86: shubhamsaini93208@gmail.com | H86: B | J86: BCA (AI & ML) | L86: BCA | M86: 6.73 | N86: 7.73 | O86: 7.41 | P86: 7.43 | S86: =AVERAGE(M86:P86) -> 7.325
A87: 86 | B87: 1323086 | C87: 23-MCM-079 | D87: MAYANK SAINI | E87: TILAK RAJ SAINI | F87: 9306906734 | G87: msainikkr555@gmail.com | H87: B | J87: BCA (Data Science) | L87: BCA | M87: 6.57 | N87: 7.36 | O87: 7.09 | P87: 7 | S87: =AVERAGE(M87:P87) -> 7.005
A88: 87 | B88: 1323087 | C88: 23-MCM-080 | D88: LAKHVINDER SINGH | E88: JASBIR SINGH | F88: 8053048981 | G88: lkrajput9500@gmail.com | H88: B | J88: BCA (Data Science) | L88: BCA | M88: 6.52 | N88: 6.73 | O88: 7.36 | P88: 6.48 | S88: =AVERAGE(M88:P88) -> 6.7725
A89: 88 | B89: 1323088 | C89: 23-MCM-081 | D89: ARPIT KUMAR | E89: RAJESH KUMAR | F89: 9350090426 | G89: arpitkumar180206@gmail.com | H89: B | J89: BCA | L89: BCA | M89: 5.93 | N89: 6.25 | O89: RE [BCA-301] | P89: RE [BCA - 401,BCA -403,MAN-001] | S89: =AVERAGE(M89:P89) -> 6.09
A90: 89 | B90: 1323089 | C90: 23-MCM-082 | D90: LAVISH MEHTA | E90: DEEPAK KUMAR | L90: BCA | M90: 6.3 | N90: RE [BCA-201, BCA-202, BCA-203] | S90: =AVERAGE(M90:P90) -> 6.3
A91: 90 | B91: 1323090 | C91: 23-MCM-083 | D91: RUCHI | E91: TARSEM KUMAR | F91: 9416291170 | G91: sonidevi23446@gmail.com | H91: B | J91: BCA | L91: BCA | M91: 8.86 | N91: 9.64 | O91: 9.41 | P91: 9.05 | S91: =AVERAGE(M91:P91) -> 9.24
A92: 91 | B92: 1323091 | C92: 23-MCM-084 | D92: VANSHIKA AGGARWAL | E92: SANJAY KUMAR AGGARWAL | F92: 9416461113 | G92: Vanshika22cjm@gmail.com | H92: B | J92: BCA (Data Science) | L92: BCA | M92: 7.41 | N92: 8.14 | O92: 8.45 | P92: 8.27 | S92: =AVERAGE(M92:P92) -> 8.0675
A93: 92 | B93: 1323092 | C93: 23-MCM-085 | D93: LOVELY | E93: RAJESH KUMAR | F93: 7082371844 | G93: lovelygujjar15112005@gmail.com | H93: B | J93: BCA (Data Science) | L93: BCA | M93: 6.39 | N93: 7.32 | O93: 7.36 | P93: 6.45 | S93: =AVERAGE(M93:P93) -> 6.88
A94: 93 | B94: 1323093 | C94: 23-MCM-086 | D94: ANKIT KASHYAP | E94: RAJINDER SINGH | F94: 9416904526 | G94: ankitjindwan@gmail.com | H94: B | J94: BCA (Data Science) | L94: BCA | M94: 5.48 | N94: 6.05 | O94: 6.27 | P94: RE [BCA - 402] | S94: =AVERAGE(M94:P94) -> 5.9333333
A95: 94 | B95: 1323094 | C95: 23-MCM-087 | D95: RAMANDEEP SINGH | E95: HARVINDER SINGH | F95: 9466411285 | G95: rishzzsingh68@gmail.com | H95: B | J95: BCA (AI & ML) | L95: BCA | M95: 7.86 | N95: 8.41 | O95: 8.73 | P95: 7.91 | S95: =AVERAGE(M95:P95) -> 8.2275
A96: 95 | B96: 1323095 | C96: 23-MCM-088 | D96: KANAN SHARMA | E96: BHUSHAN SHARMA | F96: 9416264031 | G96: Kanansharma14@gmail.com | H96: B | J96: BCA (AI & ML) | L96: BCA | M96: BCA-103 | N96: RE [BCA-201, BCA-203] | O96: 5.64 | P96: RE [BCA - 401,BCA - 402,BCA -403] | S96: =AVERAGE(M96:P96) -> 5.64
A97: 96 | B97: 1323096 | C97: 23-MCM-089 | D97: VANSHIKA | E97: PARVEEN KUMAR | F97: 9518202144 | G97: vanshikanagvanshi802@gmail.com | H97: B | J97: BCA | L97: BCA | M97: 7.14 | N97: 6.75 | O97: 7 | P97: 6.93 | S97: =AVERAGE(M97:P97) -> 6.955
A98: 97 | B98: 1323097 | C98: 23-MCM-090 | D98: TANU RANI | E98: KULDEEP SINGH | F98: 8699832140 | G98: tanumehra2140@gmail.com | H98: B | J98: BCA (Data Science) | L98: BCA | M98: 7.66 | N98: 8.41 | O98: 8.23 | P98: 8.45 | S98: =AVERAGE(M98:P98) -> 8.1875
A99: 98 | B99: 1323098 | C99: 23-MCM-091 | D99: HARSH | E99: RAJESH | M99: RL(REGN.) | S99: =AVERAGE(M99:P99) -> #DIV/0!
A100: 99 | B100: 1323099 | C100: 23-MCM-092 | D100: NAVISH KUMAR | E100: MANOJ KUMAR | M100: RE [BCA -101, BCA -102, BCA-103, BCA -104] | N100: RE [BCA-201, BCA-202, BCA-203, BHUM-013, ENE-101, BCA-204, BCA-205] | S100: =AVERAGE(M100:P100) -> #DIV/0!
...

Sheet TOP Student
A1: 1323132 | B1: 23-MCM-125 | C1: TANISHA SAINI | D1: DHARMENDER SINGH | E1: 8813082298 | F1: sainitanisha223@gmail.com | G1: B | H1: =VLOOKUP($A1,'BCA-2023-2026'!$B$2:$S$641,18,FALSE) -> 9.5225
A2: 1323185 | B2: 23-MCM-176 | C2: HIMANI KHURANA | D2: YOGESH KHURANA | E2: 8295537457 | F2: himanikhurana157@gmail.com | G2: C | H2: =VLOOKUP($A2,'BCA-2023-2026'!$B$2:$S$641,18,FALSE) -> 9.455
A3: 1323272 | B3: 23-MCM-263 | C3: ISHA | D3: NARESH KUMAR | E3: 9518694402 | F3: Isha452006@gmail.com | G3: D | H3: =VLOOKUP($A3,'BCA-2023-2026'!$B$2:$S$641,18,FALSE) -> 9.3975
A4: 1323090 | B4: 23-MCM-083 | C4: RUCHI | D4: TARSEM KUMAR | E4: 9416291170 | F4: sonidevi23446@gmail.com | G4: B | H4: =VLOOKUP($A4,'BCA-2023-2026'!$B$2:$S$641,18,FALSE) -> 9.24
A5: 1323044 | B5: 23-MCM-040 | C5: SHIMALI | D5: SAKOOR MOHD | E5: 8278476658 | F5: shimali2062dav@gmail.com | G5: A | H5: =VLOOKUP($A5,'BCA-2023-2026'!$B$2:$S$641,18,FALSE) -> 9.2175
A6: 1323584 | B6: 23-MCM-554 | C6: DIVYANSH SHARMA | D6: AMAN SHARMA | E6: 9350452011 | F6: divyanshsharma01092005@gmail.c | G6: A | H6: =VLOOKUP($A6,'BCA-2023-2026'!$B$2:$S$641,18,FALSE) -> 9.215
A7: 1323262 | B7: 23-MCM-253 | C7: MANYA SHARMA | D7: RAKESH KUMAR | E7: 9350441656 | F7: manyaradhesharma0410@gmail.com | G7: D | H7: =VLOOKUP($A7,'BCA-2023-2026'!$B$2:$S$641,18,FALSE) -> 9.1925
A8: 1323153 | B8: 23-MCM-146 | C8: KAMAL PREET KAUR | D8: GURDEEP SINGH | H8: =VLOOKUP($A8,'BCA-2023-2026'!$B$2:$S$641,18,FALSE) -> 9.14
A9: 1323031 | B9: 23-MCM-028 | C9: SAKSHI MEHTA | D9: SANDEEP MEHTA | E9: 7988585307 | F9: sakshimehta.010191@gmail.com | G9: A | H9: =VLOOKUP($A9,'BCA-2023-2026'!$B$2:$S$641,18,FALSE) -> 9.135
A10: 1323193 | B10: 23-MCM-184 | C10: CHIRAG | D10: HARISH KUMAR | E10: 8607129425 | F10: chirag9111vansh@gmail.com | G10: C | H10: =VLOOKUP($A10,'BCA-2023-2026'!$B$2:$S$641,18,FALSE) -> 9.1275
A11: 1323213 | B11: 23-MCM-204 | C11: VISHU | D11: RISHI PAL | E11: 9350243679 | F11: vishusangu643@gmail.com | G11: C | H11: =VLOOKUP($A11,'BCA-2023-2026'!$B$2:$S$641,18,FALSE) -> 9.115
A12: 1323113 | B12: 23-MCM-106 | C12: ANISH GARG | D12: NAVEEN KUMAR | E12: 9416466539 | F12: anishgargg@gmail.com | G12: B | H12: =VLOOKUP($A12,'BCA-2023-2026'!$B$2:$S$641,18,FALSE) -> 9.1125
A13: 1323130 | B13: 23-MCM-123 | C13: KOMAL | D13: SANJEEV KUMAR | E13: 8295770509 | F13: sainikomal24122004@gmail.com | G13: B | H13: =VLOOKUP($A13,'BCA-2023-2026'!$B$2:$S$641,18,FALSE) -> 9.1025
A14: 1323012 | B14: 23-MCM-010 | C14: MEENAKSHI | D14: KRISHAN | E14: 7056369950 | F14: meenakshidhiman335@gmail.com | G14: A | H14: =VLOOKUP($A14,'BCA-2023-2026'!$B$2:$S$641,18,FALSE) -> 9.09
A15: 1323192 | B15: 23-MCM-183 | C15: POORVA | D15: DEEPAK BANSAL | E15: 8607122807 | F15: Poorvabansal321@gmail.com | G15: C | H15: =VLOOKUP($A15,'BCA-2023-2026'!$B$2:$S$641,18,FALSE) -> 9.09
A16: 1323172 | B16: 23-MCM-164 | C16: MEHAK RANI | D16: RAVINDER KUMAR | E16: 7496851238 | F16: mehakkeshav379@gmail.com | G16: C | H16: =VLOOKUP($A16,'BCA-2023-2026'!$B$2:$S$641,18,FALSE) -> 9.08
A17: 1323446 | B17: 23-MCM-425 | C17: ABHISHEK SINGH | D17: JAY PRAKASH SINGH | E17: 8708547161 | F17: abhishekkumar937287@gmail.com | G17: F | H17: =VLOOKUP($A17,'BCA-2023-2026'!$B$2:$S$641,18,FALSE) -> 9.0633333
A18: 1323051 | B18: 23-MCM-047 | C18: TANNU | D18: SALINDER | E18: 8307749948 | F18: salindersingh5657@gmail.com | G18: A | H18: =VLOOKUP($A18,'BCA-2023-2026'!$B$2:$S$641,18,FALSE) -> 9.01
A19: 1323259 | B19: 23-MCM-250 | C19: NANCY | D19: JASBIR SINGH | E19: 7988486930 | F19: mornancy004@gmail.com | G19: D | H19: =VLOOKUP($A19,'BCA-2023-2026'!$B$2:$S$641,18,FALSE) -> 8.9875
A20: 1323114 | B20: 23-MCM-107 | C20: POOJA NAGPAL | D20: HARISH KUMAR | E20: 9896088313 | F20: radheyshree098@gmail.com | G20: B | H20: =VLOOKUP($A20,'BCA-2023-2026'!$B$2:$S$641,18,FALSE) -> 8.9775
... A29: 1323143 | B29: 23-MCM-136 | C29: LAVEENA PAHUJA | D29: RAVI PAHUJA | E29: 8278112112 | F29: pahujaliza@gmail.com | G29: B | H29: =VLOOKUP($A29,'BCA-2023-2026'!$B$2:$S$641,18,FALSE) -> 8.8175
A30: 1323005 | B30: 23-MCM-003 | C30: HARLEEN KAUR | D30: DAVINDER SINGH | H30: =VLOOKUP($A30,'BCA-2023-2026'!$B$2:$S$641,18,FALSE) -> 8.77
A31: 1323065 | B31: 23-MCM-060 | C31: SHREYA GUPTA | D31: SUMIT GUPTA | E31: 8950548142 | F31: shreyagupta17504@gmail.com | G31: A | H31: =VLOOKUP($A31,'BCA-2023-2026'!$B$2:$S$641,18,FALSE) -> 8.76
A32: 1323195 | B32: 23-MCM-186 | C32: PAYAL | D32: SATISH KUMAR | E32: 8684075586 | F32: payalsaini6253@gmail.com | G32: C | H32: =VLOOKUP($A32,'BCA-2023-2026'!$B$2:$S$641,18,FALSE) -> 8.74
A33: 1323183 | B33: 23-MCM-174 | C33: TARANJEET KAUR | D33: GURDEEP SINGH | E33: 8295056852 | F33: Kaurtaranjeet358@gmail.com | G33: C | H33: =VLOOKUP($A33,'BCA-2023-2026'!$B$2:$S$641,18,FALSE) -> 8.7375
A34: 1323013 | B34: 23-MCM-011 | C34: SANDEEP KUMAR SAINI | D34: PURAN CHAND | H34: =VLOOKUP($A34,'BCA-2023-2026'!$B$2:$S$641,18,FALSE) -> 8.73
A35: 1323188 | B35: 23-MCM-179 | C35: ANSHIKA | D35: DAVINDER NATH | E35: 8307935954 | F35: anshikav726@gmail.com | G35: C | H35: =VLOOKUP($A35,'BCA-2023-2026'!$B$2:$S$641,18,FALSE) -> 8.7025
A36: 1323377 | B36: 23-MCM-359 | C36: MUSKAN KUMARI | D36: JITENDRA KUMAR | E36: 7827476472 | F36: muskanjitendra9@gmail.com | G36: E | H36: =VLOOKUP($A36,'BCA-2023-2026'!$B$2:$S$641,18,FALSE) -> 8.6966667
A37: 1323566 | B37: 23-MCM-539 | C37: ROHAN RAJ | D37: HEMANT KUMAR SINHA | E37: 9835819778 | F37: rohanraj28022912@gmail.com | G37: F | H37: =VLOOKUP($A37,'BCA-2023-2026'!$B$2:$S$641,18,FALSE) -> 8.65
A38: 1323182 | B38: 23-MCM-173 | C38: GARIMA | D38: ROOP SAIN | E38: 8168673148 | F38: rajputgarima058@gmail.com | G38: C | H38: =VLOOKUP($A38,'BCA-2023-2026'!$B$2:$S$641,18,FALSE) -> 8.6366667
A39: 1323079 | B39: 23-MCM-072 | C39: KHUSHBOO | D39: RAJ KUMAR | E39: 9258620589 | F39: Khushboopundir9@gmail.com | G39: A | H39: =VLOOKUP($A39,'BCA-2023-2026'!$B$2:$S$641,18,FALSE) -> 8.635
A40: 1323431 | B40: 23-MCM-413 | C40: SATYAM KUMAR | D40: SURENDRA SINGH | E40: 8789097372 | F40: satyamk5783@gmail.com | G40: F | H40: =VLOOKUP($A40,'BCA-2023-2026'!$B$2:$S$641,18,FALSE) -> 8.635
A41: 1323147 | B41: 23-MCM-140 | C41: MANPREET KAUR | D41: SAHAB SINGH | E41: 9817757835 | F41: mk1728765@gmail.com | G41: B | H41: =VLOOKUP($A41,'BCA-2023-2026'!$B$2:$S$641,18,FALSE) -> 8.6275
A42: 1323066 | B42: 23-MCM-061 | C42: NIHARIKA | D42: SANJEEV KUMAR | E42: 8950667283 | F42: rika212006@gmail.com | G42: A | H42: =VLOOKUP($A42,'BCA-2023-2026'!$B$2:$S$641,18,FALSE) -> 8.625
A43: 1323206 | B43: 23-MCM-197 | C43: MUSKAN | D43: PARVEEN | E43: 9053502469 | F43: muskanoberoi27@gmail.com | G43: C | H43: =VLOOKUP($A43,'BCA-2023-2026'!$B$2:$S$641,18,FALSE) -> 8.62
A44: 1323333 | B44: 23-MCM-000 | C44: SUMAN KUIKEL | D44: OMA NATH KUIKEL | H44: =VLOOKUP($A44,'BCA-2023-2026'!$B$2:$S$641,18,FALSE) -> 8.59
A45: 1323187 | B45: 23-MCM-178 | C45: SIDHI KANSAL | D45: SANDEEP GUPTA | E45: 8307685269 | F45: sidhikansal04@gmail.com | G45: C | H45: =VLOOKUP($A45,'BCA-2023-2026'!$B$2:$S$641,18,FALSE) -> 8.58
A46: 1323281 | B46: 23-MCM-270 | C46: KHUSHI RANA | D46: ASHOK KUMAR | E46: 9518680160 | F46: khushirana2955@gmail.com | G46: D | H46: =VLOOKUP($A46,'BCA-2023-2026'!$B$2:$S$641,18,FALSE) -> 8.57
A47: 1323052 | B47: 23-MCM-048 | C47: SHAKSHI | D47: PAWAN KUMAR | E47: 8307983683 | F47: sakshikabir0707@gmail.com | G47: A | H47: =VLOOKUP($A47,'BCA-2023-2026'!$B$2:$S$641,18,FALSE) -> 8.555
A48: 1323034 | B48: 23-MCM-031 | C48: DIVYA SHARMA | D48: MOHINDER PAL | E48: 8053841041 | F48: divyaasharma2006@gmail.com | G48: A | H48: =VLOOKUP($A48,'BCA-2023-2026'!$B$2:$S$641,18,FALSE) -> 8.545
A49: 1323152 | B49: 23-MCM-145 | C49: ABHAY YADAV | D49: ANIL YADAV | E49: 6398878216 | F49: Ay8700064@gmail.com | G49: B | H49: =VLOOKUP($A49,'BCA-2023-2026'!$B$2:$S$641,18,FALSE) -> 8.545
A50: 1323252 | B50: 23-MCM-243 | C50: RAMAN MANN | D50: ANIL KUMAR | E50: 8295523361 | F50: raman.mann.205@gmail.com | G50: D | H50: =VLOOKUP($A50,'BCA-2023-2026'!$B$2:$S$641,18,FALSE) -> 8.545
A51: 1323367 | B51: 23-MCM-350 | C51: ANCHAL | D51: RAM BHAGAT | E51: 7056988808 | F51: rambhagat98120@gmail.com | G51: E | H51: =VLOOKUP($A51,'BCA-2023-2026'!$B$2:$S$641,18,FALSE) -> 8.545
A52: 1323469 | B52: 23-MCM-447 | C52: KHUSHI KUMARI | D52: JITENDRA KUMAR | E52: 6207904614 | F52: kumarikhushi4414@gmail.com | G52: F | H52: =VLOOKUP($A52,'BCA-2023-2026'!$B$2:$S$641,18,FALSE) -> 8.51
A53: 1323256 | B53: 23-MCM-247 | C53: MOHIT | D53: KULDEEP | E53: 8708629427 | F53: Mohitsinghkhatkar@gmail.com | G53: D | H53: =VLOOKUP($A53,'BCA-2023-2026'!$B$2:$S$641,18,FALSE) -> 8.5
A54: 1323166 | B54: 23-MCM-159 | C54: PRIYANKA | D54: PARDEEP KUMAR | E54: 9588101275 | F54: priyankadhingra020@gmail.com | G54: C | H54: =VLOOKUP($A54,'BCA-2023-2026'!$B$2:$S$641,18,FALSE) -> 8.455
A55: 1323163 | B55: 23-MCM-156 | C55: ISHITIV MANGLA | D55: ASHISH MANGLA | E55: 7015743950 | F55: ishitivmangla@gmail.com | G55: C | H55: =VLOOKUP($A55,'BCA-2023-2026'!$B$2:$S$641,18,FALSE) -> 8.4533333
A56: 1323448 | B56: 23-MCM-427 | C56: ROHIT KUMAR | D56: KISHOR SINGH | E56: 9631584849 | F56: nk7565331@gmail.com | G56: F | H56: =VLOOKUP($A56,'BCA-2023-2026'!$B$2:$S$641,18,FALSE) -> 8.42
... A65: 1323388 | B65: 23-MCM-370 | C65: AAKIB KHAN | D65: SHAMSHER MUHMMAD | E65: 8307291608 | F65: aakibmultani00@gmail.com | G65: E | H65: =VLOOKUP($A65,'BCA-2023-2026'!$B$2:$S$641,18,FALSE) -> 8.33
A66: 1323339 | B66: 23-MCM-598 | C66: ADARSH KUMAR GUPTA (KASAUDHAN) | D66: ARUN KUMAR GUPTA KASAUDHAN | H66: =VLOOKUP($A66,'BCA-2023-2026'!$B$2:$S$641,18,FALSE) -> 8.32
A67: 1323201 | B67: 23-MCM-192 | C67: TWINKLE | D67: SURESH GROVER | E67: 8930040994 | F67: grovertwinkle0808@gmail.com | G67: C | H67: =VLOOKUP($A67,'BCA-2023-2026'!$B$2:$S$641,18,FALSE) -> 8.2975
A68: 1323342 | B68: 23-MCM-327 | C68: EKTA NARWAL | D68: HOSHIAR SINGH | E68: 9812293190 | F68: Ektanarwal21@gmail.com | G68: E | H68: =VLOOKUP($A68,'BCA-2023-2026'!$B$2:$S$641,18,FALSE) -> 8.2866667
A69: 1323487 | B69: 23-MCM-465 | C69: AMIT KUMAR PRIYANSHU | D69: SIDHESHWAR SHARMA | E69: 9801195421 | F69: amitsharma097632@gmail.com | G69: G | H69: =VLOOKUP($A69,'BCA-2023-2026'!$B$2:$S$641,18,FALSE) -> 8.285
A70: 1323450 | B70: 23-MCM-429 | C70: FAHAD ASFAQUE | D70: ASFAQUE AHMAD | E70: 9153200556 | F70: Fahadasfaque7860@gmail.com | G70: F | H70: =VLOOKUP($A70,'BCA-2023-2026'!$B$2:$S$641,18,FALSE) -> 8.28
A71: 1323535 | B71: 23-MCM-511 | C71: RASHMI KUMARI | D71: NILESH KUMAR | E71: 8292743446 | F71: rashmikumari21916@gmail.com | G71: G | H71: =VLOOKUP($A71,'BCA-2023-2026'!$B$2:$S$641,18,FALSE) -> 8.28
A72: 1323447 | B72: 23-MCM-426 | C72: ABHISHEK KUMAR | D72: HARERAM PANDIT | E72: 9931828695 | F72: kabhishekkumar00266@gmail.com | G72: F | H72: =VLOOKUP($A72,'BCA-2023-2026'!$B$2:$S$641,18,FALSE) -> 8.2775
A73: 1323605 | B73: 23-MCM-603 | C73: KHUSHI KUMARI JAISWAL | D73: BHUSHAN JAISWAL | E73: 7739464983 | F73: khushijaiswal049@gmail.com | G73: C | H73: =VLOOKUP($A73,'BCA-2023-2026'!$B$2:$S$641,18,FALSE) -> 8.2733333
A74: 1323264 | B74: 23-MCM-255 | C74: CHARANPREET KAUR | D74: GURMEET SINGH | E74: 9518852603 | F74: Ckaur9928@gmail.com | G74: D | H74: =VLOOKUP($A74,'BCA-2023-2026'!$B$2:$S$641,18,FALSE) -> 8.2625
A75: 1323265 | B75: 23-MCM-256 | C75: JODHVIR SINGH | D75: GURPREET SINGH | E75: 9720272185 | F75: jodhvirsinghbrar@gmail.com | G75: D | H75: =VLOOKUP($A75,'BCA-2023-2026'!$B$2:$S$641,18,FALSE) -> 8.2625
A76: 1323101 | B76: 23-MCM-094 | C76: MEGHA RANI | D76: VINOD KUMAR | E76: 9671038771 | F76: muskandhiman444@gmail.com | G76: B | H76: =VLOOKUP($A76,'BCA-2023-2026'!$B$2:$S$641,18,FALSE) -> 8.26
A77: 1323517 | B77: 23-MCM-493 | C77: RUCHIKA SINGH | D77: DEEPAK KUMAR SINGH | E77: 7856908716 | F77: ruchikasingh64087@gmail.com | G77: G | H77: =VLOOKUP($A77,'BCA-2023-2026'!$B$2:$S$641,18,FALSE) -> 8.25
A78: 1323094 | B78: 23-MCM-087 | C78: RAMANDEEP SINGH | D78: HARVINDER SINGH | E78: 9466411285 | F78: rishzzsingh68@gmail.com | G78: B | H78: =VLOOKUP($A78,'BCA-2023-2026'!$B$2:$S$641,18,FALSE) -> 8.2275
... A102: 1323257 | B102: 23-MCM-248 | C102: VANUSHKA CHAUHAN | D102: SURJIT SINGH | E102: 8901497421 | F102: vanushkact@gmail.com | G102: D | H102: =VLOOKUP($A102,'BCA-2023-2026'!$B$2:$S$641,18,FALSE) -> 8.0933333
A103: 1323121 | B103: 23-MCM-114 | C103: TRISHA SAINI | D103: JASBIR SINGH | H103: =VLOOKUP($A103,'BCA-2023-2026'!$B$2:$S$641,18,FALSE) -> 8.09
A104: 1323267 | B104: 23-MCM-258 | C104: SACHIN | D104: DHARMINDER | E104: 9992596654 | F104: sd313851@gmail.com | G104: D | H104: =VLOOKUP($A104,'BCA-2023-2026'!$B$2:$S$641,18,FALSE) -> 8.09
A105: 1323303 | B105: 23-MCM-292 | C105: MOHIT | D105: SANTOSH KUMAR SINGH | H105: =VLOOKUP($A105,'BCA-2023-2026'!$B$2:$S$641,18,FALSE) -> 8.09
A106: 1323091 | B106: 23-MCM-084 | C106: VANSHIKA AGGARWAL | D106: SANJAY KUMAR AGGARWAL | E106: 9416461113 | F106: Vanshika22cjm@gmail.com | G106: B | H106: =VLOOKUP($A106,'BCA-2023-2026'!$B$2:$S$641,18,FALSE) -> 8.0675
A107: 1323443 | B107: 23-MCM-422 | C107: KAJAL KUMARI | D107: BIRESH YADAV | E107: 9153802551 | F107: Kajal84142@gmail.com | G107: F | H107: =VLOOKUP($A107,'BCA-2023-2026'!$B$2:$S$641,18,FALSE) -> 8.0675
A108: 1323403 | B108: 23-MCM-385 | C108: SURAJ KUMAR | D108: VINOD PATHAK | E108: 9142496994 | F108: Surajpathakdes@gmail.com | G108: F | H108: =VLOOKUP($A108,'BCA-2023-2026'!$B$2:$S$641,18,FALSE) -> 8.0625
A109: 1323518 | B109: 23-MCM-494 | C109: MONIKA SINGH | D109: ABHISHEK KUMAR | E109: 9508886867 | F109: Abhishekmonika7864@gmail.com | G109: G | H109: =VLOOKUP($A109,'BCA-2023-2026'!$B$2:$S$641,18,FALSE) -> 8.06
A110: 1323426 | B110: 23-MCM-408 | C110: GAURAV KUMAR | D110: DILIP SINGH | E110: 6202738887 | F110: GK660232@GMAIL.COM | G110: F | H110: =VLOOKUP($A110,'BCA-2023-2026'!$B$2:$S$641,18,FALSE) -> 8.055
A111: 1323006 | B111: 23-MCM-004 | C111: JASHANDEEP KAUR | D111: SURINDER SINGH | E111: 7027082784 | F111: Jasssandhu9402@gmail.com | G111: A | H111: =VLOOKUP($A111,'BCA-2023-2026'!$B$2:$S$641,18,FALSE) -> 8.045
A112: 1323023 | B112: 23-MCM-021 | C112: JAYA SHARMA | D112: PARDEEP SHARMA | E112: 7419206501 | F112: Jiyasharma200220@gmail.com | G112: A | H112: =VLOOKUP($A112,'BCA-2023-2026'!$B$2:$S$641,18,FALSE) -> 8.0266667
A113: 1323158 | B113: 23-MCM-151 | C113: GUNN ANAND | D113: LOKESH ANAND | E113: 7082562639 | F113: gunnanand538@gmail.com | G113: B | H113: =VLOOKUP($A113,'BCA-2023-2026'!$B$2:$S$641,18,FALSE) -> 8.0225
A114: 1323603 | B114: 23-MCM-573 | C114: SHUBHAM KUMAR | D114: DEEPAK KUMAR | E114: 9334302561 | F114: skentertainment499@gmail.com | G114: G | H114: =VLOOKUP($A114,'BCA-2023-2026'!$B$2:$S$641,18,FALSE) -> 8.02
A115: 1323243 | B115: 23-MCM-234 | C115: SAHIL | D115: FAKIR CHAND | E115: 7105550469 | F115: Sahilsinghkhatkar@gmail.com | G115: D | H115: =VLOOKUP($A115,'BCA-2023-2026'!$B$2:$S$641,18,FALSE) -> 8.0166667
A116: 1323484 | B116: 23-MCM-462 | C116: NEERAJ KUMAR THAKUR | D116: SHATRUDHAN THAKUR | E116: 8424877541 | F116: neerajkumarthakur.dhaka@gmail.com | G116: G | H116: =VLOOKUP($A116,'BCA-2023-2026'!$B$2:$S$641,18,FALSE) -> 8.015
A117: 1323349 | B117: 23-MCM-334 | C117: DHIKSHA | D117: NARENDER KUMAR | E117: 8816901625 | F117: Narenderkumaruhbvn@gmail.com | G117: E | H117: =VLOOKUP($A117,'BCA-2023-2026'!$B$2:$S$641,18,FALSE) -> 8.01
... A124: 1323258 | B124: 23-MCM-249 | C124: SRISHTI | D124: AKHILESH | E124: 9053721106 | F124: gautamsrishti39@gmail.com | G124: D | H124: =VLOOKUP($A124,'BCA-2023-2026'!$B$2:$S$641,18,FALSE) -> 7.9425
A125: 1323588 | B125: 23-MCM-558 | C125: MD MUBARAK | D125: MD ID MOHAMMAD | E125: 6206913925 | F125: md3852702@gmail.com | H125: =VLOOKUP($A125,'BCA-2023-2026'!$B$2:$S$641,18,FALSE) -> 7.9375
A126: 1323451 | B126: 23-MCM-430 | C126: SALINA SAHU | D126: SANJEEV KUMAR | E126: 7070234336 | F126: sahusalina57@gmail.com | G126: F | H126: =VLOOKUP($A126,'BCA-2023-2026'!$B$2:$S$641,18,FALSE) -> 7.9233333
A127: 1323393 | B127: 23-MCM-375 | C127: MANISH KUMAR | D127: RAJARAM MAHTO | E127: 8873972638 | F127: manishsuri1000@gmail.com | G127: E | H127: =VLOOKUP($A127,'BCA-2023-2026'!$B$2:$S$641,18,FALSE) -> 7.92
A128: 1323036 | B128: 23-MCM-033 | C128: RASHI SHARMA | D128: RAVINDER SHARMA | E128: 8168091086 | F128: Rasshisharma200@gmail.com | G128: A | H128: =VLOOKUP($A128,'BCA-2023-2026'!$B$2:$S$641,18,FALSE) -> 7.915
A129: 1323180 | B129: 23-MCM-171 | C129: AMAN | D129: AJAY PAL | E129: 8168264430 | F129: amanparmar058@gmail.com | G129: C | H129: =VLOOKUP($A129,'BCA-2023-2026'!$B$2:$S$641,18,FALSE) -> 7.8975
A130: 1323544 | B130: 23-MCM-520 | C130: SANJU KUMARI | D130: SANJAY KUMAR SHARMA | E130: 8797175929 | F130: sanju2003kumari03@gmail.com | G130: G | H130: =VLOOKUP($A130,'BCA-2023-2026'!$B$2:$S$641,18,FALSE) -> 7.885
A131: 1323011 | B131: 23-MCM-009 | C131: LAKSHAY | D131: AJAY KUMAR | E131: 7056088460 | F131: lakshayjuneja003@gmail.com | G131: A | H131: =VLOOKUP($A131,'BCA-2023-2026'!$B$2:$S$641,18,FALSE) -> 7.88
A132: 1323310 | B132: 23-MCM-299 | C132: SNEHA RAI | D132: MITHILESH KUMAR RAI | E132: 8112906729 | F132: sr23.rkt@gmail.com | G132: D | H132: =VLOOKUP($A132,'BCA-2023-2026'!$B$2:$S$641,18,FALSE) -> 7.8775
A133: 1323435 | B133: 23-MCM-417 | C133: SHIVAM KUMAR | D133: RANJIT SINGH | E133: 9508068896 | F133: Shivamsingh2772003@gmail.com | G133: F | H133: =VLOOKUP($A133,'BCA-2023-2026'!$B$2:$S$641,18,FALSE) -> 7.865
A134: 1323474 | B134: 23-MCM-452 | C134: ALOK RAJ | D134: RASH BIHARI PANDEY | E134: 9546226164 | F134: alokraj950064@gmail.com | G134: F | H134: =VLOOKUP($A134,'BCA-2023-2026'!$B$2:$S$641,18,FALSE) -> 7.865
A135: 1323607 | B135: 23-MCM-576 | C135: PRATIPAL KUMAR SINGH | D135: SAWDHAN SINGH | E135: 7324010867 | F135: kumarpratipal123@gmail.com | G135: G | H135: =VLOOKUP($A135,'BCA-2023-2026'!$B$2:$S$641,18,FALSE) -> 7.865
A136: 1323323 | B136: 23-MCM-312 | C136: NANCY | D136: SUBHASH KUMAR | E136: 9050178487 | F136: nancy1092005@gmail.com | G136: E | H136: =VLOOKUP($A136,'BCA-2023-2026'!$B$2:$S$641,18,FALSE) -> 7.8625
A137: 1323222 | B137: 23-MCM-213 | C137: ANKUSH | D137: SANTOSH KUMAR | E137: 9896492818 | F137: ankushkumar20024@gmail.com | G137: C | H137: =VLOOKUP($A137,'BCA-2023-2026'!$B$2:$S$641,18,FALSE) -> 7.8525
... A141: 1323032 | B141: 23-MCM-029 | C141: MANPREET KAUR | D141: BHULLA SINGH | E141: 8053095927 | F141: manpreet85345@yahoo.com | G141: A | H141: =VLOOKUP($A141,'BCA-2023-2026'!$B$2:$S$641,18,FALSE) -> 7.84
A142: 1323334 | B142: 23-MCM-597 | E142: 7047172288 | F142: sumankuikel99@gmail.com | G142: E | H142: =VLOOKUP($A142,'BCA-2023-2026'!$B$2:$S$641,18,FALSE) -> 7.8366667
A143: 1323610 | B143: 23-MCM-579 | C143: HEENA | D143: NAIN KUMAR | E143: 7988730695 | F143: lohatheena2710@gmail.com | G143: C | H143: =VLOOKUP($A143,'BCA-2023-2026'!$B$2:$S$641,18,FALSE) -> 7.8366667
A144: 1323232 | B144: 23-MCM-223 | C144: SNEHA | D144: RAJ KUMAR | E144: 9350421711 | F144: snehakalra43@gmail.com | G144: C | H144: =VLOOKUP($A144,'BCA-2023-2026'!$B$2:$S$641,18,FALSE) -> 7.83
A145: 1323227 | B145: 23-MCM-218 | C145: HARSHI | D145: TARUN KUMAR | E145: 9306798882 | F145: harshianeja28@gmail.com | G145: C | H145: =VLOOKUP($A145,'BCA-2023-2026'!$B$2:$S$641,18,FALSE) -> 7.8275
A146: 1323280 | B146: 23-MCM-269 | C146: SATYAM DIXIT | D146: RAMBABU | E146: 7719709524 | F146: satyam10012002@gmail.com | G146: D | H146: =VLOOKUP($A146,'BCA-2023-2026'!$B$2:$S$641,18,FALSE) -> 7.82
A147: 1323062 | B147: 23-MCM-057 | C147: MILAN | D147: SUNIL | E147: 8816884548 | F147: milandangi2005@gmail.com | G147: A | H147: =VLOOKUP($A147,'BCA-2023-2026'!$B$2:$S$641,18,FALSE) -> 7.7975
A148: 1323583 | B148: 23-MCM-553 | C148: SHANI RAJ | D148: SIKANDAR KUSHWAHA | E148: 6299996489 | F148: shaniraj6489@gmail.com | G148: F | H148: =VLOOKUP($A148,'BCA-2023-2026'!$B$2:$S$641,18,FALSE) -> 7.795
...
